<?xml version="1.0" encoding="UTF-8" ?>
<CutSceneText>
	<Text label="P01">The Aetheric Field around a fortress is a crucial line of defense--</Text>
	<Text label="P02">as valuable as dozens of Archons.</Text>
	<Text label="P03">Attackers who try to force their way through the Field suffer and die.</Text>
	<Text label="P04">Unless the attackers have overwhelming numbers</Text>
	<Text label="P05">and can withstand heavy casualties,</Text>
	<Text label="P06">it&apos;s certain they won&apos;t attack the fortress from the sky.</Text>
	<Text label="P07">But they can make the Aetheric Field collapse</Text>
	<Text label="P08">by destroying the generator inside the fortress.</Text>
	<Text label="P09">That is the key to an assault&apos;s success:</Text>
	<Text label="P10">taking out the Aetheric Field Generator.</Text>
</CutSceneText>
