<?xml version="1.0" encoding="UTF-8" ?>
<CutSceneText>
	<Text label="P01">Shall we start then, eh?</Text>
	<Text label="P02">Oh, this is so exciting...akakak!</Text>
	<Text label="P03">Balaur! Speak if you want to live! Speak!</Text>
	<Text label="P04">Aah...! I will not...</Text>
	<Text label="P05">Forgive...you...</Text>
	<Text label="P06">you foul...Uhh!</Text>
	<Text label="P07">Invader...!</Text>
	<Text label="P08">So...did it work? Can you understand Balaur speech now?</Text>
</CutSceneText>
