<?xml version="1.0" encoding="UTF-8" ?>
<CutSceneText>
	<Text label="P01">The reason we battle in the Abyss</Text>
	<Text label="P02">is to protect all of Elysea from the Asmodians and the Balaur.</Text>
	<Text label="P03">We must seize the fortresses, and take the initiative in the Abyss.</Text>
	<Text label="P04">Here in Reshanta, there are nine fortresses,</Text>
	<Text label="P05">and each one has significant strategic value.</Text>
	<Text label="P06">The closer to the center of Reshanta, the more crucial the fortress.</Text>
	<Text label="P07">A Guardian General guards each fortress;</Text>
	<Text label="P08">the map displays the general&apos;s location when he appears.</Text>
	<Text label="P09">If your Legion defeats the Guardian General and captures the fortress,</Text>
	<Text label="P10">you will receive Abyss Points,</Text>
	<Text label="P11">a sum of Kinah, and the usual spoils of war...but of course...</Text>
	<Text label="P12">...all of this is easier said than done.</Text>
	<Text label="P13">As you well know, the Asmodian Archons are no pushovers,</Text>
	<Text label="P14">and the Balaur Legions are quite formidable.</Text>
	<Text label="P15">
	</Text>
	<Text label="P16">So lend us your strength until the day we capture the Asmodians&apos; Primum Landing...</Text>
	<Text label="P17">...once and for all.</Text>
</CutSceneText>
