<?xml version="1.0" encoding="UTF-8" ?>
<CutSceneText>
	<Text label="P01">I&apos;ve heard rumors.... Is that Daeva really as brave as everyone says?</Text>
	<Text label="P02">Yes, I saw it with my own eyes in battle against the Balaur.</Text>
	<Text label="P03">Such power...it was simply breathtaking.</Text>
	<Text label="P04">In the name of the Five Empyrean Lords, I appoint thee as the new Brigade General of the Mirage Legion....</Text>
	<Text label="P05">I guess they don&apos;t call you the &quot;Thirteenth Empyrean Lord&quot; without good reason.</Text>
	<Text label="P06">Congratulations, General.</Text>
	<Text label="P07">Icaronix! Ecus! I couldn&apos;t have done it without you.</Text>
</CutSceneText>
