<?xml version="1.0" encoding="UTF-8" ?>
<CutSceneText>
	<Text label="P01">I don&apos;t have to tell you, the destructive power of the Dredgion is enormous....</Text>
	<Text label="P02">So much so that it&apos;s well-nigh impossible to get close enough to one to damage it.</Text>
	<Text label="P03">And once it drops its load of Drakan ground troops,</Text>
	<Text label="P04">nothing can stop the Balaur from taking the fortress you&apos;ve just secured.</Text>
	<Text label="P05">The good news is, we&apos;ve discovered a way to sabotage it from within.</Text>
	<Text label="P06">If we can get someone inside, we can </Text>
	<Text label="P07">disable the Dredgion and smash the Balaur!</Text>
</CutSceneText>
