<?xml version="1.0" encoding="UTF-8" ?>
<CutSceneText>
	<Text label="P01">During the great sickness, hundreds of people came to Adma Stronghold, seeking refuge.</Text>
	<Text label="P02">What pesky wretches. Close the gate before they spread the disease!</Text>
	<Text label="P03">Help us! Let us in! Please! You have to help us! Let us in!</Text>
	<Text label="P04">But only the noble were allowed shelter--the common people sickened and died outside the gate...</Text>
	<Text label="P05">and became the undead that wander those grounds even now.</Text>
</CutSceneText>
