<?xml version="1.0" encoding="UTF-8" ?>
<CutSceneText>
	<Text label="P01">Hey! Wait! Where are you taking me? Wha...what the...you lied to me!</Text>
	<Text label="P02">Be quiet! Pay no attention, just take him!</Text>
	<Text label="P03">You&apos;re not getting me on that ship! Uh-uh! No way!</Text>
	<Text label="P04">Halt! Who&apos;s there?</Text>
	<Text label="P05">Hm...must have been the wind.</Text>
	<Text label="P06">Let&apos;s get this group to the research center.</Text>
	<Text label="P07">Let me go! Paeru!</Text>
</CutSceneText>
