<?xml version="1.0" encoding="UTF-8" ?>
<CutSceneText>
	<Text label="P01">I can&apos;t find them anywhere!</Text>
	<Text label="P02">Where are Siel&apos;s Relics? Lord Marchutan said they would be...</Text>
	<Text label="P03">Wait, that cave over there!</Text>
	<Text label="P04">Hmmm...a bit closer....</Text>
	<Text label="P05">How darest thou!</Text>
	<Text label="P06">Wouldst thou dare defy Lord Tiamat?</Text>
	<Text label="P07">I... want... this power!</Text>
	<Text label="P08">That Balaur.... He has Siel&apos;s Relics!</Text>
</CutSceneText>
