<?xml version="1.0" encoding="UTF-8" ?>
<CutSceneText>
	<Text label="P01">Legend says that long ago,</Text>
	<Text label="P02">Aion was served by the Jotun,</Text>
	<Text label="P03">powerful constructs of enchanted stone.</Text>
	<Text label="P04">I&apos;d always thought the Jotun were just a myth,</Text>
	<Text label="P05">but I may be wrong about that. According to this document...</Text>
	<Text label="P06">...the Dragonbound are after the Energy Source</Text>
	<Text label="P07">of an ancient Jotun creation, a powerful weapon of some sort.</Text>
	<Text label="P08">But they seem to be having a hard time...because the Jotun are guarding it.</Text>
	<Text label="P09">An Energy Source like this would surely hold tremendous power.</Text>
	<Text label="P10">Little wonder that the Balaur are manipulating the Dragonbound to get it.</Text>
	<Text label="P11">You must deal with the Jotun and the Dragonbound to recover this Energy Source.</Text>
	<Text label="P12">It must not fall into the hands of the Balaur.</Text>
</CutSceneText>
