<?xml version="1.0" encoding="UTF-8" ?>
<CutSceneText>
	<Text label="P01">There&apos;s a new threat at Havenjark Farm--an undead creature called Squiller.</Text>
	<Text label="P02">He has some sort of magic that returns the bones of the dead to life.</Text>
	<Text label="P03">He&apos;s resurrected all those undead farmhands you killed.</Text>
	<Text label="P04">I&apos;m asking for your help again, Daeva.</Text>
	<Text label="P05">In the name of Lumiel, stop Squiller and his undead army!</Text>
</CutSceneText>
