<?xml version="1.0" encoding="UTF-8" ?>
<CutSceneText>
	<Text label="P01">The souls of many Elyos still wander the Salintus Desert. </Text>
	<Text label="P02">They were living Guardians when Deltras led his legion into the Abyss.</Text>
	<Text label="P03">We killed them all that day, but they fight on as spirits.</Text>
	<Text label="P04">Some say they want only to return to Elysea.</Text>
	<Text label="P05">They answer now to Deltras&apos; second in command...</Text>
	<Text label="P06">...a fierce Guardian warrior they call Lamipedon.</Text>
</CutSceneText>
