<?xml version="1.0" encoding="UTF-8" ?>
<CutSceneText>
	<Text label="P01">Those blasted Mist Mane Mau!</Text>
	<Text label="P02">They plan to let the Balaur in through an Abyss Gate!</Text>
	<Text label="P03">Look for Kasaka&apos;s Wood Cave. It&apos;s deep inside the Mist Mane Village.</Text>
	<Text label="P04">Go in there and find that Abyss Gate. &#xD;&#xA;        Use the Aether Key to get inside and stop the Balaur.</Text>
	<Text label="P05">Do it or don&apos;t come back!</Text>
</CutSceneText>
