<?xml version="1.0" encoding="UTF-8" ?>
<CutSceneText>
	<Text label="P01">You have called me with the essence of my brothers.</Text>
	<Text label="P02">Why have you awakened me, Daeva?</Text>
	<Text label="P03">Great Kasadrasil, I ask what only you can give,</Text>
	<Text label="P04">to restore life to Kurngalfberg!</Text>
	<Text label="P05">Understand that what you ask is no easy thing.</Text>
	<Text label="P06">Daevas of Flame were not able to melt the ice of centuries...no matter what magics they used.</Text>
	<Text label="P07">But as long as my roots do not wither,</Text>
	<Text label="P08">the ice will never cover Kurngalfberg completely.</Text>
</CutSceneText>
