<?xml version="1.0" encoding="UTF-8" ?>
<CutSceneText>
	<Text label="P01">It&apos;s the Dredgion!</Text>
	<Text label="P02">Stand your ground! Reinforcements have arrived!</Text>
	<Text label="P03">Tear the Dredgion apart! Protect the fortress!</Text>
	<Text label="P04">Kill every last one of them!</Text>
	<Text label="P05">Charge!</Text>
	<Text label="P06">You got here just in time. Things were getting ugly.</Text>
	<Text label="P07">With you here, we can really take the fight to those blasted Balaur and sun-addled Elyos!</Text>
	<Text label="P08">The fortress is under attack!</Text>
	<Text label="P09">Good, nyerk nyerk. This should be enough supplies.</Text>
	<Text label="P10">We&apos;ll be there any minute!</Text>
</CutSceneText>
