<?xml version="1.0" encoding="UTF-8" ?>
<CutSceneText>
	<Text label="P01">A new face! Tell me, where did you come from?</Text>
	<Text label="P02">Hey!</Text>
	<Text label="P03">Ha! A new face to you, maybe...</Text>
	<Text label="P04">...but not to me. This is an old comrade--we served together long ago in Morheim.</Text>
	<Text label="P05">Ah, a friend of yours, Stua?</Text>
	<Text label="P06">Well, in that case...my apologies.</Text>
	<Text label="P07">Prepare for departure! ... And for glory!</Text>
	<Text label="P08">Glory to Lord Lephar!</Text>
	<Text label="P09">Glory!</Text>
</CutSceneText>
