<?xml version="1.0" encoding="UTF-8" ?>
<CutSceneText>
	<Text label="P01">Under this hill there&apos;s a deep cavern.</Text>
	<Text label="P02">It&apos;s overrun with Klaw--you&apos;ll have to fight your way through them.</Text>
	<Text label="P03">At the very end there&apos;s a pool of lava hot enough to melt anything.</Text>
	<Text label="P04">Throw the necklace in there, and that&apos;ll be the end of it.</Text>
	<Text label="P05">The blasted thing should never have been made.</Text>
</CutSceneText>
