<?xml version="1.0" encoding="UTF-8" ?>
<CutSceneText>
	<Text label="P01">Villaire was a good man--honest and open.</Text>
	<Text label="P02">Perhaps that made him more vulnerable to Beritra&apos;s Contamination--we&apos;ll never know.</Text>
	<Text label="P03">But whatever happened was not his fault! It was we who failed--in our duty to protect him.</Text>
	<Text label="P04">Now finally we have a chance to return in peace to the Aether.</Text>
	<Text label="P05">And someday Brusthonin may know peace as well.</Text>
</CutSceneText>
