<?xml version="1.0" encoding="UTF-8" ?>
<CutSceneText>
	<Text label="P01">Stop!</Text>
	<Text label="P02">How did you get in here?!</Text>
	<Text label="P03">Relax. Everyone, put your swords away.</Text>
	<Text label="P04">Is this how you greet a Daeva?</Text>
	<Text label="P05">Oh, sorry, sir.</Text>
	<Text label="P06">Apologies.</Text>
	<Text label="P07">Our guards can get ahead of themselves.</Text>
	<Text label="P08">Munin told me you were coming.</Text>
	<Text label="P09">Let me welcome you to Pandaemonium.</Text>
</CutSceneText>
