<?xml version="1.0" encoding="UTF-8" ?>
<CutSceneText>
	<Text label="P01">Good news. Sadena said that she would be here,</Text>
	<Text label="P02">and Agamo and Selesti promised to help, too.</Text>
	<Text label="P03">I am just so grateful that she didn&apos;t refuse the request!</Text>
	<Text label="P04">It&apos;s the moment I&apos;ve been waiting for!</Text>
	<Text label="P05">Wish me luck...</Text>
	<Text label="P06">Oh, Sadena! You are the hope that gives me strength...</Text>
	<Text label="P07">A life without you is like a scabbard without a sword, or a bow without a string.</Text>
	<Text label="P08">Daskair, stop--you&apos;re embarrassing me!</Text>
	<Text label="P09">What a horrible poem, and you&apos;re dressed...like a clown!</Text>
	<Text label="P10">Don&apos;t ever speak to me again--ever!</Text>
</CutSceneText>
