<?xml version="1.0" encoding="UTF-8" ?>
<CutSceneText>
	<Text label="P01">This is what the future holds in store for us...as prophesied by Lord Marchutan.</Text>
	<Text label="P02">A battle against the Balaur in the Vorgaltem Battlefield.</Text>
	<Text label="P03">However, Lord Marchutan has also foreseen a disastrous defeat for us.</Text>
	<Text label="P04">He said our current armies are no match for Tiamat&apos;s Legion.</Text>
	<Text label="P05">So we must prepare...we must be stronger.</Text>
</CutSceneText>
