<?xml version="1.0" encoding="UTF-8" ?>
<CutSceneText>
	<Text label="P01">Hinden took the lens to protect me?</Text>
	<Text label="P02">All this time I thought he betrayed me!</Text>
	<Text label="P03">This letter means more to me than I can say.</Text>
	<Text label="P04">You want the key to the Golden Trumpet Temple as a reward, yes?</Text>
	<Text label="P05">Then go and get rid of that traitor, Aika. Bring me back her key.</Text>
	<Text label="P06">Once I have it, I&apos;ll make a key for you.</Text>
</CutSceneText>
