<?xml version="1.0" encoding="UTF-8" ?>
<CutSceneText>
	<Text label="P01">Lords and ladies, hear my words! Grak, Archon and hero of Pandaemonium,</Text>
	<Text label="P02">has faced the threat from Impetusium alone and seized a</Text>
	<Text label="P03">great victory!</Text>
	<Text label="P04">Countless Black Claw Mau fell under</Text>
	<Text label="P05">Grak&apos;s sword,</Text>
	<Text label="P06">and even spirits and ghosts yield before his might!</Text>
	<Text label="P07">I, Lindhelm, Herald of Pandaemonium,</Text>
	<Text label="P08">honor the great Archon Grak, whose strength and valor</Text>
	<Text label="P09">bring glory to us all!</Text>
</CutSceneText>
