<?xml version="1.0" encoding="UTF-8" ?>
<CutSceneText>
	<Text label="P01">The reason we came to Gelkmaros is</Text>
	<Text label="P02">to defeat Balaur Lord Tiamat before the Elyos do</Text>
	<Text label="P03">and to retrieve Siel&apos;s Relics.</Text>
	<Text label="P04">But due to a lack of Aether in Balaurea</Text>
	<Text label="P05">and the strong resistance of the Balaur, we are having a hard time.</Text>
	<Text label="P06">So all over Gelkmaros</Text>
	<Text label="P07">we install Artificial Aether Generation Devices to spread Aether</Text>
	<Text label="P08">and we accumulate Aether in Lumiel&apos;s Crystal in the sky above the fortress.</Text>
	<Text label="P09">When we have enough Aether to operate battleships,</Text>
	<Text label="P10">we will be able to easily break the sturdy bulwark of the Balaur</Text>
	<Text label="P11">and defeat Tiamat.</Text>
	<Text label="P12">Please help us achieve this.</Text>
</CutSceneText>
