<?xml version="1.0" encoding="UTF-8" ?>
<CutSceneText>
	<Text label="P01">Ragnairr...Malard...</Text>
	<Text label="P02">Ragnaurr...</Text>
	<Text label="P03">Ripad?</Text>
	<Text label="P04">Louder and clearer this time!</Text>
	<Text label="P05">Ragnairr malard ragnaurr...</Text>
	<Text label="P06">Nipad!</Text>
	<Text label="P07">Sarinerk!</Text>
	<Text label="P08">Padinerk!</Text>
	<Text label="P09">It is you!</Text>
	<Text label="P10">It is forever since Padinerk saw Sarinerk!</Text>
	<Text label="P11">I feared you were lost forever.</Text>
	<Text label="P12">...Now at least Padinerk knows you are safe.</Text>
	<Text label="P13">Oh, Padinerk! Oh, it&apos;s so good to see your face, Padinerk!</Text>
	<Text label="P14">Sarinerk has dreamed of this day!</Text>
</CutSceneText>
