<?xml version="1.0" encoding="UTF-8" ?>
<CutSceneText>
	<Text label="P01">I, Agehia, High Priest of Pandaemonium,</Text>
	<Text label="P02">bestow upon you the title: Cooking Master.</Text>
	<Text label="P03">Your skills are truly remarkable.</Text>
	<Text label="P04">Not so long ago you became an Expert, and already a Master...</Text>
	<Text label="P05">Please use your accomplished skills for the betterment of all Asmodae.</Text>
	<Text label="P06">May the protection of Marchutan surround you.</Text>
</CutSceneText>
