<?xml version="1.0" encoding="UTF-8" ?>
<CutSceneText>
	<Text label="DU00">RnpfgepfrEmfxnpqqkfaEkfg?</Text>
	<Text label="GOB01">Some enemies are causing a disturbance? Be careful not to spill the liquid!</Text>
	<Text label="DU02">QkfaEkfgRifqRnpfgepfgEmfxnpq!</Text>
	<Text label="GOB03">Wretched Elyos scum dared to intrude all the way here!</Text>
	<Text label="DU04">EmfxnpqqkfaRifgEnfgxnpq.</Text>
	<Text label="GOB05">Fool, you don&apos;t have to interpret thi...</Text>
	<Text label="DU06">RnfepfrEnfgEkfgRifqEnfg!!</Text>
	<Text label="GOB07">Hehe, not bad for some Elyos. But, it&apos;s already too late!</Text>
	<Text label="DU08">RifqEnfgepfrqkfaqnpfEpf.</Text>
	<Text label="GOB09">By now [Shandu] must have completed the preparation to turn Tijerid into a land of death.</Text>
	<Text label="FF005">Thank you! Thanks to you we&apos;ll be able to contact them this week, too.</Text>
</CutSceneText>
