<?xml version="1.0" encoding="UTF-8" ?>
<CutSceneText>
	<Text label="BLA00">(You hear a desperate man&apos;s voice coming from somewhere)</Text>
	<Text label="BLA01">The ring... You are wearing... My father&apos;s ring...</Text>
	<Text label="BLA02">I am talking to you through my dead father&apos;s ring with my magic...</Text>
	<Text label="BLA03">I implore you! Please avenge my father!</Text>
	<Text label="BLA04">The Nightmare in the Rabek Canyon murdered my father!</Text>
	<Text label="BLA05">I&apos;ll give you something good if you could fulfill my wish! I promise you!</Text>
	<Text label="BLA06">If you don&apos;t know what the Nightmare is...</Text>
	<Text label="BLA07">Go to the guard post in the east of the Gribade Fault Plain and ask Illodia about it!</Text>
	<Text label="BLA08">...Argh... My magic is running out...</Text>
	<Text label="HOGI01">Thank you... Because of you... I was able to avenge myself and my father...</Text>
	<Text label="HOGI02">...Now... I can leave... Elysea... Without any regrets..</Text>
	<Text label="ILODIA03">Ho, Hogie...?</Text>
	<Text label="HOGI05">...Now... I can leave... Elysea... Without any regrets..</Text>
	<Text label="HOGI06">Be well... Illodia... May we meet again, soon...</Text>
	<Text label="ILODIA07">...Meet...? What the...!</Text>
</CutSceneText>
