<?xml version="1.0" encoding="UTF-8" ?>
<CutSceneText>
	<Text label="Aize1">Great. This kind person has offered to go with you as an escort.</Text>
	<Text label="tsumo2">Wow... really? Thank you!</Text>
	<Text label="Aize3">You must do as you are told. Do you understand?</Text>
	<Text label="tsumo4">Of course. I want to give the lunch I made to Mr. [Ron] as soon as possible!</Text>
	<Text label="PC5">Right then, shall we go?</Text>
	<Text label="ron6">Czmoria! Why did you come to this dangerous place?</Text>
	<Text label="tsumo7">Ron! I came here to bring you the lunch I made.</Text>
	<Text label="ron8">Really? Thank you! But, how did you manage to get here?</Text>
	<Text label="tsumo9">This kind person brought me here!</Text>
	<Text label="ron10">Ah, right. Thank you.</Text>
	<Text label="tsumo11">Did I interrupt you from work?</Text>
	<Text label="ron12">Oh no, not at all. Then, should I take a breather and see what Czmoria made me for lunch?</Text>
</CutSceneText>
