<?xml version="1.0" encoding="UTF-8" ?>
<CutSceneText>
	<Text label="P01">Take extra care in this place, Daeva.</Text>
	<Text label="P02">Things have reached a boiling point.</Text>
	<Text label="P03">Kinquid... has long been my friend, but...</Text>
	<Text label="P04">I can help, but only if you strike down Kinquid.</Text>
	<Text label="P05">To withstand his formidable might,</Text>
	<Text label="P06">you must use the crater&apos;s energy.</Text>
	<Text label="P07">The yellow smoke will neutralize... Kinquid&apos;s defenses against physical attacks.</Text>
	<Text label="P08">The purple smoke will neutralize... his defenses against magical attacks.</Text>
	<Text label="P09">Kinquid&apos;s defenses are impenetrable.</Text>
	<Text label="P10">He cannot be defeated without the crater&apos;s energy.</Text>
	<Text label="P11">Defeat Kinquid. Defeat my friend....</Text>
</CutSceneText>
