<?xml version="1.0" encoding="UTF-8" ?>
<CutSceneText>
	<Text label="P01">Kobolds mine for Odium here at this spot...</Text>
	<Text label="P02">And at the Odella Nursery...</Text>
	<Text label="P03">Mumu Ham and his men process the Odella gathered by Skurvs, nyerk. </Text>
	<Text label="P04">The processed Odium is then put in a box in Haramel Tower</Text>
	<Text label="P05">and transported somewhere via pulley.</Text>
	<Text label="P06">Gestanerk is the only one who knows exactly where, nyerk nyerk.</Text>
	<Text label="P07">My brother Moofrenerk, he knows where Gestanerk is.</Text>
	<Text label="P08">Find Gestanerk if you want to draw back Haramel&apos;s dark curtain. Akakakakak!</Text>
</CutSceneText>
