<?xml version="1.0" encoding="UTF-8" ?>
<CutSceneText>
	<Text label="WA01">Whoa, this is pretty spacious!</Text>
	<Text label="CL02">Who would think a place like existed underneath the Arena grounds?</Text>
	<Text label="SC03">Oooh, this place is eerie.</Text>
	<Text label="MA04">......</Text>
	<Text label="PC5">Well, then...</Text>
	<Text label="ron6">We have to take the test together, huh? It&apos;s not my style, but I guess we don&apos;t have much choice.</Text>
	<Text label="tsumo7">Those iron gates are pretty big. Who knows what kind of monster will come out of there?</Text>
	<Text label="ron8">This place is really giving me the creeps.</Text>
</CutSceneText>
