<?xml version="1.0" encoding="UTF-8" ?>
<CutSceneText>
	<Text label="P01">Look upon a disastrous future! Witness Asmodae, defeated by the Elyos.</Text>
	<Text label="P02">Yet this may not come to pass. The power to change destiny lies with you.</Text>
	<Text label="P03">If you hold Asmodae&apos;s fate in your hands, then Hellion holds Elysea&apos;s fate in his.</Text>
	<Text label="P04">So you must defeat him!</Text>
	<Text label="P05">Only your victory will stop the fall of Asmodae--and your doom!</Text>
</CutSceneText>
