<?xml version="1.0" encoding="UTF-8" ?>
<CutSceneText>
	<Text label="P01">&quot;My victory! Bwahaha!&quot;</Text>
	<Text label="P02">&quot;Hmm?&quot;</Text>
	<Text label="P03">&quot;You&apos;ve come...!”</Text>
	<Text label="P04">&quot;Yuria...&quot;</Text>
	<Text label="P05">“Your... skin!”</Text>
	<Text label="P06">&quot;Now!&quot;</Text>
	<Text label="P07">&quot;Omae wa mou...&quot;</Text>
	<Text label="P08">&quot;shindeiru!&quot;</Text>
	<Text label="P09">&quot;Nani?!&quot;</Text>
</CutSceneText>
