<?xml version="1.0" encoding="UTF-8" ?>
<CutSceneText>
	<Text label="P01">Spirit&apos;s Incense Burner... and Scroll of Repose...</Text>
	<Text label="P02">With the twain... awaken... a forgotten power....</Text>
	<Text label="P03">But those items...</Text>
	<Text label="P04">were lost in battle... betwixt Stormwing and Tiamat&apos;s men.</Text>
	<Text label="P05">Aeshma and Bhemah... they hide... in their underground tombs. Find them....</Text>
	<Text label="P06">They... were the last bearers... of the Incense Burner and the Scroll... ere they vanished.</Text>
</CutSceneText>
