<?xml version="1.0" encoding="UTF-8" ?>
<CutSceneText>
	<Text label="P01">Once you get inside the Lepharist laboratory, be sure to destroy all the equipment you can.</Text>
	<Text label="P02">Without that, they won&apos;t be able to carry out their cruel experiments.</Text>
	<Text label="P03">In the deepest part of the laboratory, in Ormenon&apos;s Room, is the creature they call</Text>
	<Text label="P04">RM-78c. You have to kill it.</Text>
	<Text label="P05">if it lives, all of Elysea is at risk.</Text>
	<Text label="P06">Oh, and...don&apos;t come back without those research records.</Text>
</CutSceneText>
