<?xml version="1.0" encoding="UTF-8" ?>
<CutSceneText>
	<Text label="P01">Heh.... Have a good trip?</Text>
	<Text label="P02">Icaronix! I knew you were a traitor.</Text>
	<Text label="P03">Actually, I am a little disappointed in you... </Text>
	<Text label="P04">Ecus.</Text>
	<Text label="P05">I&apos;ve known your secret for some time now.</Text>
	<Text label="P06">Thanks to you I was able to strike a blow,</Text>
	<Text label="P07">and by now the captain and the others will have vanished forever in Karamatis.</Text>
	<Text label="P08">Die!</Text>
</CutSceneText>
