<?xml version="1.0" encoding="UTF-8" ?>
<CutSceneText>
	<Text label="P01">Thou approaches with Siel&apos;s Relics in mind.</Text>
	<Text label="P02">But what you curs fail to grasp... is that this power is MINE.</Text>
	<Text label="P03">The power... No!</Text>
	<Text label="P04">&quot;The traitor!&quot; &quot;Fall, coward!&quot;</Text>
	<Text label="P05">Ah, Kumbanda.... Such a fall from grace.</Text>
	<Text label="P06">Lord Tiamat, thy relics are recovered. They shall be delivered forthwith.</Text>
	<Text label="P07">The traitor is mine. My men will deal with these &quot;immortals&quot;.</Text>
</CutSceneText>
