<?xml version="1.0" encoding="UTF-8" ?>
<CutSceneText>
	<Text label="P01">Hmph! Do you expect me to believe that?</Text>
	<Text label="P02">It&apos;s not like this is a bad deal for your side.</Text>
	<Text label="P03">I&apos;m curious to why you are suggesting this now.</Text>
	<Text label="P04">Have you grown tired after only a thousand years?</Text>
	<Text label="P05">You don&apos;t really need me to answer that.</Text>
	<Text label="P06">I doubt Mesramtaeda or Tiamat would agree to it...</Text>
	<Text label="P07">Well you really only need to convince Fregion, do you not?</Text>
	<Text label="P08">You&apos;re trying to see too much at once!!</Text>
	<Text label="P09">It&apos;s dangerous. Any more could be fatal.</Text>
</CutSceneText>
