<?xml version="1.0" encoding="UTF-8" ?>
<CutSceneText>
	<Text label="P01">Most important thing is Surkana Generator. Destroy it first or mission is over.</Text>
	<Text label="P02">Use Defense Shield Generator in Gravitation Control Room. &#xD;&#xA;&#x9;&#x9;This makes a shield in front of the Drop Waiting Room.</Text>
	<Text label="P03">There is a Teleporter Generator in the Fighter Waiting Room.</Text>
	<Text label="P04">Use it to teleport to the central area from the Emergency Exit, nyerk, nyerk.</Text>
	<Text label="P05">When you kill Adjutant Kundhan, you&apos;ll see a teleportation device that will take you to the Captain&apos;s Cabin.</Text>
	<Text label="P06">It is well known that Balaur crew will collapse without their leader...</Text>
	<Text label="P07">...so you will plunge all of Dredgion into chaos when you kill Captain Adhati.</Text>
</CutSceneText>
