<?xml version="1.0" encoding="UTF-8" ?>
<CutSceneText>
	<Text label="P01">Listen carefully--I&apos;ll tell you where to find those three.</Text>
	<Text label="P02">Chief Mate Menekiki is on the main deck.</Text>
	<Text label="P03">You&apos;ll need his key to the Gun Deck, so kill him with the mobile cannon, nyerk.</Text>
	<Text label="P04">On the Gun Deck, you&apos;ll find the Chief Gunner--</Text>
	<Text label="P05">never far from his guns, akakakak!</Text>
	<Text label="P06">Don&apos;t underestimate him, Daeva. He&apos;s hard as nails...and a deadly shot.</Text>
	<Text label="P07">Much depends on you, brave Daeva. If you defeat these leaders,</Text>
	<Text label="P08">only the captain remains. Use the cannon in the Gun Repairing Deck to get up to the captain&apos;s cabin. </Text>
	<Text label="P09">My heartfelt hopes go with you, mighty Daeva. You&apos;re going to need them all, nyerk!</Text>
</CutSceneText>
