<?xml version="1.0" encoding="UTF-8" ?>
<CutSceneText>
	<Text label="P01">Your job is not yet done, Daeva.</Text>
	<Text label="P02">My suffering will end only when Queen Mosqua is cast out.</Text>
	<Text label="P03">Eliminate this thief who uses my powers to hatch her eggs.</Text>
	<Text label="P04">Mosqua&apos;s death will let you crack her eggs.</Text>
	<Text label="P05">You must do this to reach Celestius&apos;s domain.</Text>
	<Text label="P06">A foul wind will arise from within each egg.</Text>
	<Text label="P07">Jump into the current and spread your wings...</Text>
	<Text label="P08">and you will reach the domain of Celestius.</Text>
	<Text label="P09">The domain within me... which Celestius has usurped. The source of this chaos.</Text>
	<Text label="P10">I wish you good fortune, Daeva. All depends on you.</Text>
</CutSceneText>
