<?xml version="1.0" encoding="UTF-8" ?>
<CutSceneText>
	<Text label="P01">You&apos;re onboard the Steel Rake...</Text>
	<Text label="P02">...the ship the Steel Rake Pirates sail through the Abyss.</Text>
	<Text label="P03">...They plunder where they will...they strike fear in all hearts, nyerk.</Text>
	<Text label="P04">We&apos;re in a cell in the brig below decks.</Text>
	<Text label="P05">Next to us is the ship&apos;s Power Chamber.</Text>
	<Text label="P06">It&apos;s Balaur fuel that powers the Rake...</Text>
	<Text label="P07">...and Chief Engineer Lahulahu that drives her.</Text>
	<Text label="P08">But Daeva may have noticed the ship isn&apos;t sailing anywhere just now.</Text>
	<Text label="P09">No, anchored somewhere in the Abyss between Elysea and Asmodae undergoing repairs...</Text>
	<Text label="P10">...which means now is the time to make your escape.</Text>
</CutSceneText>
