<?xml version="1.0" encoding="UTF-8" ?>
<CutSceneText>
	<Text label="P01">Above the Arkanis Sky Temple are floating discs,</Text>
	<Text label="P02">each one occupied by a protector with the key to another disc.</Text>
	<Text label="P03">The Protector of the Wind Key is on the water disc,</Text>
	<Text label="P04">the Protector of the Fire Key is on the wind disc,</Text>
	<Text label="P05">and on the fire disc is Flame Judge Bolcan, who holds the final key.</Text>
	<Text label="P06">Defeat them all and get all the keys.</Text>
	<Text label="P07">This must be the water disc.</Text>
	<Text label="P08">I&apos;d better look for the Protector of the Wind Key first.</Text>
</CutSceneText>
