<?xml version="1.0" encoding="UTF-8" ?>
<CutSceneText>
	<Text label="P01">Six to ten Daevas fight for supremacy in the Arena of Chaos.</Text>
	<Text label="P02">You have no allies. This is a free-for-all contest.</Text>
	<Text label="P03">Defeating an opponent will earn you points.</Text>
	<Text label="P04">The first to reach the target number of points is the winner. </Text>
	<Text label="P05">The fight consists of 3 rounds, and you won&apos;t suffer from Soul Sickness if you die.</Text>
	<Text label="P06">If no one reaches the point target, the winner is the one with the most points after 3 rounds.</Text>
	<Text label="P07">I hope that was all clear.</Text>
</CutSceneText>
