<?xml version="1.0" encoding="UTF-8" ?>
<CutSceneText>
	<Text label="P01">Bianu Ajitaran.</Text>
	<Text label="P02">You are not a Shadow.</Text>
	<Text label="P03">I am Vizius of the Temple of Freedom.</Text>
	<Text label="P04">I came here from Sanctum. But it looks like you were a step ahead of me.</Text>
	<Text label="P05">So tell me, did you figure out what the experiments were for?</Text>
	<Text label="P06">Perhaps they truly are mad scientists.</Text>
	<Text label="P07">Well, I&apos;ll take my leave now, if you please. Faith and arms!</Text>
</CutSceneText>
