<?xml version="1.0" encoding="UTF-8" ?>
<CutSceneText>
	<Text label="P01">This is Narayana Canyon.</Text>
	<Text label="P02">Follow this path up and you&apos;ll find the Esoterrace.</Text>
	<Text label="P03">It is the biggest Drana farm in all of Tiamat&apos;s domain.</Text>
	<Text label="P04">There you&apos;ll find Dalia Charlands, our holiest of trees.</Text>
	<Text label="P05">It grieves me to say...he is now just a vessel to produce Drana.</Text>
	<Text label="P06">And here is where all the Drana ends up...</Text>
	<Text label="P07">the Drana Production Lab.</Text>
</CutSceneText>
