<?xml version="1.0" encoding="UTF-8" ?>
<CutSceneText>
	<Text label="P01">In the Arena of Chaos, six to ten Daevas engage in all-out combat.</Text>
	<Text label="P02">Remember, you can rely on nobody, not even your fellow Asmodians.</Text>
	<Text label="P03">Defeat opponents to earn points.</Text>
	<Text label="P04">The first to reach a target number of points wins.</Text>
	<Text label="P05">There will be 3 rounds, and you won&apos;t suffer from Soul Sickness if you die.</Text>
	<Text label="P06">Even if nobody scores enough points to win outright, all contestants are ranked after 3 rounds.</Text>
	<Text label="P07">Good luck, Daeva! You&apos;ll need it.</Text>
</CutSceneText>
