<?xml version="1.0" encoding="UTF-8" ?>
<CutSceneText>
	<Text label="P01">Across Balaurea, you&apos;ll discover geysers that spout either water or air.</Text>
	<Text label="P02">It&apos;s possible to ride water spouts to reach high places in a single leap.</Text>
	<Text label="P03">With air spouts, just spread your wings to glide your way up.</Text>
	<Text label="P04">Unfortunately, geysers tend to attract fierce creatures.</Text>
	<Text label="P05">You&apos;ll have to deal with them to use the geyser.</Text>
	<Text label="P06">Inggison has many geysers that are strategically important. Use them well.</Text>
</CutSceneText>
