<?xml version="1.0" encoding="UTF-8" ?>
<CutSceneText>
	<Text label="P01">Has there been any progress?</Text>
	<Text label="P02">Some of the memories have returned -- not all...not yet.</Text>
	<Text label="P03">I could feel...Something. The imprint of...His presence.</Text>
	<Text label="P04">Yes, it would appear there was some contact with Him.</Text>
	<Text label="P05">And it isn&apos;t quite clear exactly what was gleaned from the Artifact.</Text>
	<Text label="P06">So we&apos;re left with no real clue to what He really wants.</Text>
	<Text label="P07">And we won&apos;t...until He makes his move.</Text>
	<Text label="P08">Waiting is all we can do for now.</Text>
	<Text label="P09">Have you heard anything more from Lord Kaisinel?</Text>
	<Text label="P10">Only what Lord Vaizel already reported...nothing more.</Text>
	<Text label="P11">So it would seem Lord Kaisinel is having considerable difficulty.</Text>
	<Text label="P12">Well, yes, he is facing Balaur Lord Tiamat, after all.</Text>
	<Text label="P13">And Lord Marchutan of Asmodae, as well....</Text>
	<Text label="P14">Be ready to send additional support, just in case it&apos;s needed.</Text>
	<Text label="P15">Yes.</Text>
</CutSceneText>
