<?xml version="1.0" encoding="UTF-8" ?>
<CutSceneText>
	<Text label="P01">Oh, Litonos! You&apos;re...I...I didn&apos;t know!</Text>
	<Text label="P02">Berone.... It really is you, love.</Text>
	<Text label="P03">I...I&apos;ve come too late. I&apos;m sorry!</Text>
	<Text label="P04">I thank you for keeping your promise...even now.</Text>
	<Text label="P05">You&apos;ve returned from the Abyss to fulfill your promise to me.</Text>
	<Text label="P06">You defeated death itself to see me again.</Text>
	<Text label="P07">Death? No, no, I&apos;m not dead...</Text>
	<Text label="P08">Now it&apos;s time to rest, my love.</Text>
	<Text label="P09">Return to the flow of Aether and be at peace.</Text>
</CutSceneText>
