<?xml version="1.0" encoding="UTF-8" ?>
<CutSceneText>
	<Text label="P01">Ecus knew that there was a traitor within the Legion.</Text>
	<Text label="P02">He finally suspected Centurion Icaronix.</Text>
	<Text label="P03">There you are, Captain.</Text>
	<Text label="P04">But Icaronix caught wind of it</Text>
	<Text label="P05">and quickly lured the Legion out to Karamatis.</Text>
	<Text label="P06">So my Legion has already set out for Karamatis?</Text>
	<Text label="P07">Yes, right after receiving Icaronix&apos;s report.</Text>
	<Text label="P08">No! I&apos;m too late--Icaronix has betrayed us!</Text>
	<Text label="P09">Get word to the Captain that this is a trap!</Text>
	<Text label="P10">Where did Icaronix go?</Text>
	<Text label="P11">He left for Verteron.</Text>
	<Text label="P12">Send me after him.</Text>
	<Text label="P13">That was the last I saw of Ecus.</Text>
	<Text label="P14">I&apos;ve thought of him often...I wonder what happened to him.</Text>
</CutSceneText>
