<?xml version="1.0" encoding="UTF-8" ?>
<CutSceneText>
	<Text label="P01">I...I am...</Text>
	<Text label="P02">Louder and clearer this time.</Text>
	<Text label="P03">I remember now....</Text>
	<Text label="P04">My name is Prapero, and I was a Daeva of the Legion of Light.</Text>
	<Text label="P05">We fought Bollvig, and lost.</Text>
	<Text label="P06">He slaughtered us all.</Text>
	<Text label="P07">Why not resurrect at an Obelisk? You&apos;re a Daeva!</Text>
	<Text label="P08">Bollvig&apos;s magic was too strong.</Text>
	<Text label="P09">He caused us to resurrect at his Cursed Obelisk...</Text>
	<Text label="P10">and made us his slaves!</Text>
	<Text label="P11">Ahh... ahhh... we resisted, but he was too strong!</Text>
	<Text label="P12">If only we could be free!</Text>
</CutSceneText>
