<?xml version="1.0" encoding="UTF-8" ?>
<CutSceneText>
	<Text label="P01">Here you are at last.</Text>
	<Text label="P02">I&apos;ve been waiting a long time for you.</Text>
	<Text label="P03">I&apos;m afraid Eltnen is in grave danger.</Text>
	<Text label="P04">What kind of danger?</Text>
	<Text label="P05">Tell Actaeon &quot;The Shadow is under threat.&quot;</Text>
	<Text label="P06">He&apos;ll know the whole truth </Text>
	<Text label="P07">when the one who disappeared has spoken.</Text>
</CutSceneText>
