<?xml version="1.0" encoding="UTF-8" ?>
<CutSceneText>
	<Text label="P01">Long ago, Aion was served by great beings of stone known as Jotun.</Text>
	<Text label="P02">I thought the Jotun were lost in the cataclysm,</Text>
	<Text label="P03">but from looking at this Balaur document, I guess I was wrong!</Text>
	<Text label="P04">This document  says the Dragonbound were ordered</Text>
	<Text label="P05">to steal the Power Source of some ancient weapon from the Jotun.</Text>
	<Text label="P06">I&apos;m not sure what the Balaur are plotting,</Text>
	<Text label="P07">but I&apos;m sure it&apos;s not good for us.</Text>
	<Text label="P08">The Jotun will not like it...</Text>
	<Text label="P09">...but you must recover that Power Source before the Dragonbound do.</Text>
</CutSceneText>
