<?xml version="1.0" encoding="UTF-8" ?>
<CutSceneText>
	<Text label="P01">The Inggison Fortress is an illusion created by Empyrean Lord Kaisinel.</Text>
	<Text label="P02">I know it is hard to believe.</Text>
	<Text label="P03">As you probably know already, our goal is</Text>
	<Text label="P04">to retrieve Siel&apos;s Relics from Tiamat.</Text>
	<Text label="P05">The rare Aether of Balaurea is a big obstacle.</Text>
	<Text label="P06">Considering this, Empyrean Lord Kaisinel</Text>
	<Text label="P07">shot the Fragment of Aion Tower into the sky over the fortress.</Text>
	<Text label="P08">Also, through an Obelisk, he </Text>
	<Text label="P09"> spread the Aether energy from the fragment.</Text>
	<Text label="P10">If we install Obelisks all over Inggison</Text>
	<Text label="P11">and our battleship sends the powerful Aether energy</Text>
	<Text label="P12">over the bulwark,</Text>
	<Text label="P13">Tiamaranta will be ours.</Text>
</CutSceneText>
