<?xml version="1.0" encoding="UTF-8" ?>
<CutSceneText>
	<Text label="P01">Fa... Father?</Text>
	<Text label="P02">Wh...who are you?</Text>
	<Text label="P03">It&apos;s me...Harmone...your daughter.</Text>
	<Text label="P04">Maybe you remember these? They are the boots you left behind...</Text>
	<Text label="P05">Mother kept them. She said they were a token of love...from you.</Text>
	<Text label="P06">She...the owner of the general store?</Text>
	<Text label="P07">Yes! I am her daughter.</Text>
	<Text label="P08">Oh father, I missed you so...</Text>
	<Text label="P09">Well, this is...I need to think about this, you understand.</Text>
	<Text label="P10">I am sorry, my...daughter. Leave me alone for just a little?</Text>
	<Text label="P11">I just need time to think all this through.</Text>
	<Text label="P12">Well, I will leave you for now....</Text>
	<Text label="P13">But please father, don&apos;t think too long...</Text>
</CutSceneText>
