<?xml version="1.0" encoding="UTF-8" ?>
<CutSceneText>
	<Text label="P01">I was so preoccupied back then. I don&apos;t remember how I got in.</Text>
	<Text label="P02">
	</Text>
	<Text label="P03">I think the door opened when I pulled the Bloody Greathammer from a Drakan statue.</Text>
	<Text label="P04">Maybe it was a key....</Text>
	<Text label="P05">If you&apos;re up for it, maybe you can head to Undirborg and look for it yourself.</Text>
	<Text label="P06">
	</Text>
	<Text label="P07">Shura Steadfast took it.</Text>
	<Text label="P08">Maybe that&apos;s where you&apos;ll find it.</Text>
	<Text label="P09">
	</Text>
	<Text label="P10">
	</Text>
	<Text label="P11">
	</Text>
	<Text label="P12">
	</Text>
	<Text label="P13">
	</Text>
	<Text label="P14">
	</Text>
	<Text label="P15">
	</Text>
</CutSceneText>
