<?xml version="1.0" encoding="UTF-8" ?>
<CutSceneText>
	<Text label="P01">What news from the Observatory? Do you think they suspect anything?</Text>
	<Text label="P02">They pay no attention to us at all.</Text>
	<Text label="P03">They think we&apos;re just ordinary sailors.</Text>
	<Text label="P04">That&apos;s the way I want it.</Text>
	<Text label="P05">A direct confrontation with the Guardians is the last thing we need.</Text>
	<Text label="P06">Do you think we have enough bombs to destroy the Observatory?</Text>
	<Text label="P07">These are no ordinary bombs--they came from the Abyss.</Text>
	<Text label="P08">Then all we have to do is wait for the right time.</Text>
	<Text label="P09">Ha-ha-ha-ha! Let&apos;s teach those fools in Sanctum a lesson they won&apos;t soon forget!</Text>
	<Text label="P10">Intruders! Intruders!</Text>
	<Text label="P11">Ah, never mind, it&apos;s just a Plumis.</Text>
	<Text label="P12">Must be Jin&apos;s girlfriend! Ha-ha-ha-ha-ha-ha!</Text>
</CutSceneText>
