<?xml version="1.0" encoding="UTF-8" ?>
<CutSceneText>
	<Text label="P01">I, Eremitia, High Priest of Sanctum,</Text>
	<Text label="P02">bestow upon you the title: Cooking Master.</Text>
	<Text label="P03">I am impressed by your passion.</Text>
	<Text label="P04">It was not so long ago that you became an Expert.</Text>
	<Text label="P05">Please use your masterful skills for the betterment of Elysea.</Text>
	<Text label="P06">May Kaisinel&apos;s illusions fool your enemies.</Text>
</CutSceneText>
