<?xml version="1.0" encoding="UTF-8" ?>
<CutSceneText>
	<Text game_lang="krall" label="P01">Gaphryk has waited so long to see you, Mimiti!</Text>
	<Text game_lang="krall" label="P02">No, please! You mustn&apos;t speak to me!</Text>
	<Text game_lang="krall" label="P03">But Gaphryk can&apos;t just forget about Beautiful Mimiti, no!</Text>
	<Text game_lang="krall" label="P04">You are the only one I have ever loved!</Text>
	<Text game_lang="krall" label="P05">I love you too...but you know as well as I that a Shugo and a Kobold...can never be together! It&apos;s just not possible!</Text>
	<Text game_lang="krall" label="P06">It&apos;s just not possible!</Text>
	<Text game_lang="krall" label="P07">Oh, Mimiti! My love!</Text>
</CutSceneText>
