<?xml version="1.0" encoding="UTF-8" ?>
<CutSceneText>
	<Text label="P01">All right then, I will begin.</Text>
	<Text label="P02">Farewell to Willena.</Text>
	<Text label="P03">Resolute in the face of destiny,</Text>
	<Text label="P04">you leave behind a piece of your red heart</Text>
	<Text label="P05">as you return to the Aether&apos;s flow.</Text>
	<Text label="P06">Your love was a volcano&apos;s fire,</Text>
	<Text label="P07">and the heart that sought you reached for eternity.</Text>
	<Text label="P08">The wind embracing Atreia,</Text>
	<Text label="P09">across the hot sands of Eltnen</Text>
	<Text label="P10">engraves my love.</Text>
</CutSceneText>
