<?xml version="1.0" encoding="UTF-8" ?>
<CutSceneText>
	<Text label="P01">Are you the one...who has awakened me...?</Text>
	<Text label="P02"> What is it...?</Text>
	<Text label="P03">I am sorry for disturbing your slumber.</Text>
	<Text label="P04">Both Humans and Daevas are suffering because of the forest spirits,</Text>
	<Text label="P05">so I&apos;ve come to ask a favor of you.</Text>
	<Text label="P06">Hmm...yes...I knew something like this...was brewing.</Text>
	<Text label="P07">I would be grateful for your help.</Text>
	<Text label="P08">Now then...what do you have there?</Text>
	<Text label="P09">This is a book of prophecy....</Text>
	<Text label="P10">Hmm...this book contains the Oracle&apos;s Prophecy.</Text>
	<Text label="P11">It is said that the power of the book affects its owner;</Text>
	<Text label="P12">one who has been asleep for a long time.</Text>
	<Text label="P13">Please keep it safe.</Text>
	<Text label="P14">I will give them a stern warning.</Text>
	<Text label="P15">It is radiating such a powerful force!</Text>
	<Text label="P16">It is an ancient book of Atreian myth.</Text>
	<Text label="P17">You might be the hero foretold in the legends....</Text>
	<Text label="P18">Even the conversation we are having now is mentioned in here!</Text>
</CutSceneText>
