<?xml version="1.0" encoding="UTF-8" ?>
<CutSceneText>
	<Text label="P01">Myanee! I knew I&apos;d see you again!</Text>
	<Text label="P02">Bollvig, why are you here, apart from me, in Elysea, my darling?</Text>
	<Text label="P03">If you love me, you will come back with me to Asmodae.</Text>
	<Text label="P04">Your trick didn&apos;t fool me for a moment!</Text>
	<Text label="P05">I&apos;ll kill every human in Atreia,</Text>
	<Text label="P06">if that&apos;s what it takes to bring her back.</Text>
	<Text label="P07">You...! Out of my sight!</Text>
	<Text label="P08">The next time we meet, your life is mine!</Text>
</CutSceneText>
