<?xml version="1.0" encoding="UTF-8" ?>
<CutSceneText>
	<Text label="P01">Congratulations on your new title.</Text>
	<Text label="P02">This is quite an achievement, Daeva.</Text>
	<Text label="P03">You are now a Cooking Expert.</Text>
	<Text label="P04">Good job, Daeva.</Text>
	<Text label="P05">I must say, this is quite an achievement.</Text>
	<Text label="P06">If you want to open a restaurant in Sanctum,</Text>
	<Text label="P07">I&apos;ll try to find a good location for you!</Text>
</CutSceneText>
