<?xml version="1.0" encoding="UTF-8" ?>
<CutSceneText>
	<Text label="wife0">Darling!</Text>
	<Text label="wife1">Didn&apos;t I tell you to fill the hole in the sandbag by today?!</Text>
	<Text label="wife2">Do you find the things I say not worth listening to?!</Text>
	<Text label="eikerun3">Hey! Just a moment! Just listen to me for a minute!</Text>
	<Text label="eikerun4">It is not that I did not want to do it myself, but...</Text>
	<Text label="eikerun5_0">Be quiet!</Text>
	<Text label="eikerun5_1">...</Text>
	<Text label="eikerun5_1">The Latuson Family Ultimate~!</Text>
	<Text label="eikerun5_2">Genuine Fiery Sky Whirlwind Dance!</Text>
	<Text label="eikerun6">Wait for me here for a moment. I&apos;ll be back after a little chat with my wife.</Text>
	<Text label="wife7">Oh my god! Where have you been?!</Text>
	<Text label="wife8">Didn&apos;t I tell you to fill the sandbag with sand by today or not?!</Text>
	<Text label="eikerun9">...Why don&apos;t you get a servant to do that? Why do you keep telling me to do such petty tasks?</Text>
	<Text label="wife10">It&apos;s because you are a weakling! Don&apos;t you know only the strong gets treated well in our family?</Text>
	<Text label="wife10_1">I wouldn&apos;t be doing this to you if you were a strong man!</Text>
	<Text label="eikerun11">Then I&apos;ll prove it to you that I&apos;m not a weakling. What would it take for you to acknowledge that I am strong?</Text>
	<Text label="wife12">Mm~ then I will recognize you if you could hunt and bring back the body of a [Crestlich] from the [Ishalgen Wilderness].</Text>
	<Text label="eikerun13">Great. I will go and catch a [Crestlich] for you.</Text>
	<Text label="wife13_1">You? Someone who can&apos;t even handle a weapon properly? Hahaha, are you trying to make me laugh to death?!</Text>
	<Text label="eikerun13_2">Just wait. This time I&apos;ll definitely...</Text>
	<Text label="eikerun14">Honey, I am back. Come and have a look at this.</Text>
	<Text label="wife15">What&apos;s this... a Crestlich! Did you really...?</Text>
	<Text label="eikerun16">This is proof that I risked my life to catch this Crestlich. Well?</Text>
	<Text label="wife17">Amazing...</Text>
	<Text label="eikerun18">Will you now acknowledge that I am not a weakling?</Text>
	<Text label="wife19">Of course. So you were actually someone strong... Have you been hiding it intentionally all this time?</Text>
	<Text label="eikerun20">Well, I gue-guess you could say that. It&apos;s rather ungainly to show off strength to your wife as well, you know.</Text>
	<Text label="wife21">You did. Okay... From now on, I will not look down on you or hit you for no reason.</Text>
	<Text label="wife22">I love you, darling...</Text>
	<Text label="eikerun23">This is a little embarrassing. It&apos;s ok, since you know now. Hahaha... Hahaha... Hahahaha...</Text>
</CutSceneText>
