<?xml version="1.0" encoding="UTF-8" ?>
<cutscenes>
	<cutscene>
		<id>4294967295</id>
		<name>CUTSCENE_NULL</name>
	</cutscene>
	<cutscene>
		<id>1</id>
		<name>CUTSCENE_TEST</name>
		<cutscenename>cutscene.seq</cutscenename>
	</cutscene>
	<cutscene>
		<id>2</id>
		<name>CUTSCENE_TEST02</name>
		<cutscenename>ee2_test</cutscenename>
	</cutscene>
	<cutscene>
		<id>3</id>
		<name>CUTSCENE_TEST03</name>
		<cutscenename>cs_e3_001.seq</cutscenename>
	</cutscene>
	<cutscene>
		<id>4</id>
		<name>CUTSCENE_TEST04</name>
		<cutscenename>cs_e3_002.seq</cutscenename>
	</cutscene>
	<cutscene>
		<id>5</id>
		<name>CUTSCENE_TEST05</name>
		<cutscenename>cs_e3_003.seq</cutscenename>
	</cutscene>
	<cutscene>
		<id>6</id>
		<name>CS_Special_01</name>
		<cutscenename>cs_e3_004.seq</cutscenename>
	</cutscene>
	<cutscene>
		<id>7</id>
		<name>CS_Special_02</name>
		<cutscenename>cs_e3_005.seq</cutscenename>
	</cutscene>
	<cutscene>
		<id>8</id>
		<name>CS_Special_03</name>
		<cutscenename>cs_e3_006.seq</cutscenename>
	</cutscene>
	<cutscene>
		<id>9</id>
		<name>CS_Special_04</name>
		<cutscenename>cs_e3_007.seq</cutscenename>
	</cutscene>
	<cutscene>
		<id>10</id>
		<name>CS_Special_05</name>
		<cutscenename>cs_e3_008.seq</cutscenename>
	</cutscene>
	<cutscene>
		<id>11</id>
		<name>CS_LF1_001</name>
		<cutscenename>cs_lf1_001.seq</cutscenename>
	</cutscene>
	<cutscene>
		<id>12</id>
		<name>CS_LF1_002</name>
		<cutscenename>cs_lf1_002.seq</cutscenename>
	</cutscene>
	<cutscene>
		<id>13</id>
		<name>CS_LF1_003</name>
		<cutscenename>cs_lf1_003.seq</cutscenename>
	</cutscene>
	<cutscene>
		<id>14</id>
		<name>CS_LF1_004</name>
		<cutscenename>cs_lf1_004.seq</cutscenename>
	</cutscene>
	<cutscene>
		<id>15</id>
		<name>CS_LF1_005</name>
		<cutscenename>cs_lf1_005.seq</cutscenename>
	</cutscene>
	<cutscene>
		<id>16</id>
		<name>CS_LF1_006</name>
		<cutscenename>cs_lf1_006.seq</cutscenename>
	</cutscene>
	<cutscene>
		<id>17</id>
		<name>CS_LF1_007</name>
		<cutscenename>cs_lf1_007.seq</cutscenename>
	</cutscene>
	<cutscene>
		<id>18</id>
		<name>CS_LF1_008</name>
		<cutscenename>cs_lf1_008.seq</cutscenename>
	</cutscene>
	<cutscene>
		<id>19</id>
		<name>CS_LF1_009</name>
		<cutscenename>cs_lf1_009.seq</cutscenename>
	</cutscene>
	<cutscene>
		<id>20</id>
		<name>CS_LF1_010</name>
		<cutscenename>cs_lf1_010.seq</cutscenename>
	</cutscene>
	<cutscene>
		<id>21</id>
		<name>CS_LF1_011</name>
		<cutscenename>cs_lf1_011.seq</cutscenename>
	</cutscene>
	<cutscene>
		<id>22</id>
		<name>CS_LF1_012</name>
		<cutscenename>cs_lf1_012.seq</cutscenename>
	</cutscene>
	<cutscene>
		<id>23</id>
		<name>CS_LF1_013</name>
		<cutscenename>cs_lf1_013.seq</cutscenename>
	</cutscene>
	<cutscene>
		<id>24</id>
		<name>CS_LF1_014</name>
		<cutscenename>cs_lf1_014.seq</cutscenename>
	</cutscene>
	<cutscene>
		<id>25</id>
		<name>CS_LF1_015</name>
		<cutscenename>cs_lf1_015.seq</cutscenename>
	</cutscene>
	<cutscene>
		<id>26</id>
		<name>CS_LF1_016</name>
		<cutscenename>cs_lf1_016.seq</cutscenename>
	</cutscene>
	<cutscene>
		<id>27</id>
		<name>CS_LF1_017</name>
		<cutscenename>cs_lf1_017.seq</cutscenename>
	</cutscene>
	<cutscene>
		<id>28</id>
		<name>CS_LF1_018</name>
		<cutscenename>cs_lf1_018.seq</cutscenename>
	</cutscene>
	<cutscene>
		<id>29</id>
		<name>CS_LF1_019</name>
		<cutscenename>cs_lf1_019.seq</cutscenename>
	</cutscene>
	<cutscene>
		<id>30</id>
		<name>CS_LF1_020</name>
		<cutscenename>cs_lf1_020.seq</cutscenename>
	</cutscene>
	<cutscene>
		<id>31</id>
		<name>CS_LF2_001</name>
		<cutscenename>cs_lf2_001.seq</cutscenename>
	</cutscene>
	<cutscene>
		<id>32</id>
		<name>CS_LF2_002</name>
		<cutscenename>cs_lf2_002.seq</cutscenename>
	</cutscene>
	<cutscene>
		<id>33</id>
		<name>CS_LF2_003</name>
		<cutscenename>cs_lf2_003.seq</cutscenename>
	</cutscene>
	<cutscene>
		<id>34</id>
		<name>CS_LF2_004</name>
		<cutscenename>cs_lf2_004.seq</cutscenename>
	</cutscene>
	<cutscene>
		<id>35</id>
		<name>CS_LF2_005</name>
		<cutscenename>cs_lf2_005.seq</cutscenename>
	</cutscene>
	<cutscene>
		<id>36</id>
		<name>CS_LF2_006</name>
		<cutscenename>cs_lf2_006.seq</cutscenename>
	</cutscene>
	<cutscene>
		<id>37</id>
		<name>CS_LF2_007</name>
		<cutscenename>cs_lf2_007.seq</cutscenename>
	</cutscene>
	<cutscene>
		<id>38</id>
		<name>CS_LF2_008</name>
		<cutscenename>cs_lf2_008.seq</cutscenename>
	</cutscene>
	<cutscene>
		<id>39</id>
		<name>CS_LF2_009</name>
		<cutscenename>cs_lf2_009.seq</cutscenename>
	</cutscene>
	<cutscene>
		<id>40</id>
		<name>CS_LF2_010</name>
		<cutscenename>cs_lf2_010.seq</cutscenename>
	</cutscene>
	<cutscene>
		<id>41</id>
		<name>CS_LF2_011</name>
		<cutscenename>cs_lf2_011.seq</cutscenename>
	</cutscene>
	<cutscene>
		<id>42</id>
		<name>CS_LF2_012</name>
		<cutscenename>cs_lf2_012.seq</cutscenename>
	</cutscene>
	<cutscene>
		<id>43</id>
		<name>CS_LF2_013</name>
		<cutscenename>cs_lf2_013.seq</cutscenename>
	</cutscene>
	<cutscene>
		<id>44</id>
		<name>CS_LF2_014</name>
		<cutscenename>cs_lf2_014.seq</cutscenename>
	</cutscene>
	<cutscene>
		<id>45</id>
		<name>CS_LF2_015</name>
		<cutscenename>cs_lf2_015.seq</cutscenename>
	</cutscene>
	<cutscene>
		<id>46</id>
		<name>CS_LF2_016</name>
		<cutscenename>cs_lf2_016.seq</cutscenename>
	</cutscene>
	<cutscene>
		<id>47</id>
		<name>CS_LF2_017</name>
		<cutscenename>cs_lf2_017.seq</cutscenename>
	</cutscene>
	<cutscene>
		<id>48</id>
		<name>CS_LF2_018</name>
		<cutscenename>cs_lf2_018.seq</cutscenename>
	</cutscene>
	<cutscene>
		<id>49</id>
		<name>CS_LF2_019</name>
		<cutscenename>cs_lf2_019.seq</cutscenename>
	</cutscene>
	<cutscene>
		<id>50</id>
		<name>CS_LF2_020</name>
		<cutscenename>cs_lf2_020.seq</cutscenename>
	</cutscene>
	<cutscene>
		<id>51</id>
		<name>CS_DF1_001</name>
		<cutscenename>cs_df1_001.seq</cutscenename>
	</cutscene>
	<cutscene>
		<id>52</id>
		<name>CS_DF1_002</name>
		<cutscenename>cs_df1_002.seq</cutscenename>
	</cutscene>
	<cutscene>
		<id>53</id>
		<name>CS_DF1_003</name>
		<cutscenename>cs_df1_003.seq</cutscenename>
	</cutscene>
	<cutscene>
		<id>54</id>
		<name>CS_DF1_004</name>
		<cutscenename>cs_df1_004.seq</cutscenename>
	</cutscene>
	<cutscene>
		<id>55</id>
		<name>CS_DF1_005</name>
		<cutscenename>cs_df1_005.seq</cutscenename>
	</cutscene>
	<cutscene>
		<id>56</id>
		<name>CS_DF1_006</name>
		<cutscenename>cs_df1_006.seq</cutscenename>
	</cutscene>
	<cutscene>
		<id>57</id>
		<name>CS_DF1_007</name>
		<cutscenename>cs_df1_007.seq</cutscenename>
	</cutscene>
	<cutscene>
		<id>58</id>
		<name>CS_DF1_008</name>
		<cutscenename>cs_df1_008.seq</cutscenename>
	</cutscene>
	<cutscene>
		<id>59</id>
		<name>CS_DF1_009</name>
		<cutscenename>cs_df1_009.seq</cutscenename>
	</cutscene>
	<cutscene>
		<id>60</id>
		<name>CS_DF1_010</name>
		<cutscenename>cs_df1_010.seq</cutscenename>
	</cutscene>
	<cutscene>
		<id>61</id>
		<name>CS_DF1_011</name>
		<cutscenename>cs_df1_011.seq</cutscenename>
	</cutscene>
	<cutscene>
		<id>62</id>
		<name>CS_DF1_012</name>
		<cutscenename>cs_df1_012.seq</cutscenename>
	</cutscene>
	<cutscene>
		<id>63</id>
		<name>CS_DF1_013</name>
		<cutscenename>cs_df1_013.seq</cutscenename>
	</cutscene>
	<cutscene>
		<id>64</id>
		<name>CS_DF1_014</name>
		<cutscenename>cs_df1_014.seq</cutscenename>
	</cutscene>
	<cutscene>
		<id>65</id>
		<name>CS_DF1_015</name>
		<cutscenename>cs_df1_015.seq</cutscenename>
	</cutscene>
	<cutscene>
		<id>66</id>
		<name>CS_DF1_016</name>
		<cutscenename>cs_df1_016.seq</cutscenename>
	</cutscene>
	<cutscene>
		<id>67</id>
		<name>CS_DF1_017</name>
		<cutscenename>cs_df1_017.seq</cutscenename>
	</cutscene>
	<cutscene>
		<id>68</id>
		<name>CS_DF1_018</name>
		<cutscenename>cs_df1_018.seq</cutscenename>
	</cutscene>
	<cutscene>
		<id>69</id>
		<name>CS_DF1_019</name>
		<cutscenename>cs_df1_019.seq</cutscenename>
	</cutscene>
	<cutscene>
		<id>70</id>
		<name>CS_DF1_020</name>
		<cutscenename>cs_df1_020.seq</cutscenename>
	</cutscene>
	<cutscene>
		<id>71</id>
		<name>CS_DF2_001</name>
		<cutscenename>cs_df2_001.seq</cutscenename>
	</cutscene>
	<cutscene>
		<id>72</id>
		<name>CS_DF2_002</name>
		<cutscenename>cs_df2_002.seq</cutscenename>
	</cutscene>
	<cutscene>
		<id>73</id>
		<name>CS_DF2_003</name>
		<cutscenename>cs_df2_003.seq</cutscenename>
	</cutscene>
	<cutscene>
		<id>74</id>
		<name>CS_DF2_004</name>
		<cutscenename>cs_df2_004.seq</cutscenename>
	</cutscene>
	<cutscene>
		<id>75</id>
		<name>CS_DF2_005</name>
		<cutscenename>cs_df2_005.seq</cutscenename>
	</cutscene>
	<cutscene>
		<id>76</id>
		<name>CS_DF2_006</name>
		<cutscenename>cs_df2_006.seq</cutscenename>
	</cutscene>
	<cutscene>
		<id>77</id>
		<name>CS_DF2_007</name>
		<cutscenename>cs_df2_007.seq</cutscenename>
	</cutscene>
	<cutscene>
		<id>78</id>
		<name>CS_DF2_008</name>
		<cutscenename>cs_df2_008.seq</cutscenename>
	</cutscene>
	<cutscene>
		<id>79</id>
		<name>CS_DF2_009</name>
		<cutscenename>cs_df2_009.seq</cutscenename>
	</cutscene>
	<cutscene>
		<id>80</id>
		<name>CS_DF2_010</name>
		<cutscenename>cs_df2_010.seq</cutscenename>
	</cutscene>
	<cutscene>
		<id>81</id>
		<name>CS_DF2_011</name>
		<cutscenename>cs_df2_011.seq</cutscenename>
	</cutscene>
	<cutscene>
		<id>82</id>
		<name>CS_DF2_012</name>
		<cutscenename>cs_df2_012.seq</cutscenename>
	</cutscene>
	<cutscene>
		<id>83</id>
		<name>CS_DF2_013</name>
		<cutscenename>cs_df2_013.seq</cutscenename>
	</cutscene>
	<cutscene>
		<id>84</id>
		<name>CS_DF2_014</name>
		<cutscenename>cs_df2_014.seq</cutscenename>
	</cutscene>
	<cutscene>
		<id>85</id>
		<name>CS_DF2_015</name>
		<cutscenename>cs_df2_015.seq</cutscenename>
	</cutscene>
	<cutscene>
		<id>86</id>
		<name>CS_DF2_016</name>
		<cutscenename>cs_df2_016.seq</cutscenename>
	</cutscene>
	<cutscene>
		<id>87</id>
		<name>CS_DF2_017</name>
		<cutscenename>cs_df2_017.seq</cutscenename>
	</cutscene>
	<cutscene>
		<id>88</id>
		<name>CS_DF2_018</name>
		<cutscenename>cs_df2_018.seq</cutscenename>
	</cutscene>
	<cutscene>
		<id>89</id>
		<name>CS_DF2_019</name>
		<cutscenename>cs_df2_019.seq</cutscenename>
	</cutscene>
	<cutscene>
		<id>90</id>
		<name>CS_DF2_020</name>
		<cutscenename>cs_df2_020.seq</cutscenename>
	</cutscene>
	<cutscene>
		<id>91</id>
		<name>CS_LC1_001</name>
		<cutscenename>cs_lc1_001.seq</cutscenename>
	</cutscene>
	<cutscene>
		<id>92</id>
		<name>CS_LC1_002</name>
		<cutscenename>cs_lc1_002.seq</cutscenename>
	</cutscene>
	<cutscene>
		<id>93</id>
		<name>CS_LC1_003</name>
		<cutscenename>cs_lc1_003.seq</cutscenename>
	</cutscene>
	<cutscene>
		<id>94</id>
		<name>CS_LC1_004</name>
		<cutscenename>cs_lc1_004.seq</cutscenename>
	</cutscene>
	<cutscene>
		<id>95</id>
		<name>CS_LC1_005</name>
		<cutscenename>cs_lc1_005.seq</cutscenename>
	</cutscene>
	<cutscene>
		<id>96</id>
		<name>CS_LC1_006</name>
		<cutscenename>cs_lc1_006.seq</cutscenename>
	</cutscene>
	<cutscene>
		<id>97</id>
		<name>CS_LC1_007</name>
		<cutscenename>cs_lc1_007.seq</cutscenename>
	</cutscene>
	<cutscene>
		<id>98</id>
		<name>CS_LC1_008</name>
		<cutscenename>cs_lc1_008.seq</cutscenename>
	</cutscene>
	<cutscene>
		<id>99</id>
		<name>CS_LC1_009</name>
		<cutscenename>cs_lc1_009.seq</cutscenename>
	</cutscene>
	<cutscene>
		<id>100</id>
		<name>CS_LC1_010</name>
		<cutscenename>cs_lc1_010.seq</cutscenename>
	</cutscene>
	<cutscene>
		<id>101</id>
		<name>CS_LC1_011</name>
		<cutscenename>cs_lc1_011.seq</cutscenename>
	</cutscene>
	<cutscene>
		<id>102</id>
		<name>CS_LC1_012</name>
		<cutscenename>cs_lc1_012.seq</cutscenename>
	</cutscene>
	<cutscene>
		<id>103</id>
		<name>CS_LC1_013</name>
		<cutscenename>cs_lc1_013.seq</cutscenename>
	</cutscene>
	<cutscene>
		<id>104</id>
		<name>CS_LC1_014</name>
		<cutscenename>cs_lc1_014.seq</cutscenename>
	</cutscene>
	<cutscene>
		<id>105</id>
		<name>CS_LC1_015</name>
		<cutscenename>cs_lc1_015.seq</cutscenename>
	</cutscene>
	<cutscene>
		<id>106</id>
		<name>CS_LC1_016</name>
		<cutscenename>cs_lc1_016.seq</cutscenename>
	</cutscene>
	<cutscene>
		<id>107</id>
		<name>CS_LC1_017</name>
		<cutscenename>cs_lc1_017.seq</cutscenename>
	</cutscene>
	<cutscene>
		<id>108</id>
		<name>CS_LC1_018</name>
		<cutscenename>cs_lc1_018.seq</cutscenename>
	</cutscene>
	<cutscene>
		<id>109</id>
		<name>CS_LC1_019</name>
		<cutscenename>cs_lc1_019.seq</cutscenename>
	</cutscene>
	<cutscene>
		<id>110</id>
		<name>CS_LC1_020</name>
		<cutscenename>cs_lc1_020.seq</cutscenename>
	</cutscene>
	<cutscene>
		<id>111</id>
		<name>CS_LC1_021</name>
		<cutscenename>cs_lc1_021.seq</cutscenename>
	</cutscene>
	<cutscene>
		<id>112</id>
		<name>CS_LC1_022</name>
		<cutscenename>cs_lc1_022.seq</cutscenename>
	</cutscene>
	<cutscene>
		<id>113</id>
		<name>CS_LC1_023</name>
		<cutscenename>cs_lc1_023.seq</cutscenename>
	</cutscene>
	<cutscene>
		<id>114</id>
		<name>CS_LC1_024</name>
		<cutscenename>cs_lc1_024.seq</cutscenename>
	</cutscene>
	<cutscene>
		<id>115</id>
		<name>CS_LC1_025</name>
		<cutscenename>cs_lc1_025.seq</cutscenename>
	</cutscene>
	<cutscene>
		<id>116</id>
		<name>CS_LC1_026</name>
		<cutscenename>cs_lc1_026.seq</cutscenename>
	</cutscene>
	<cutscene>
		<id>117</id>
		<name>CS_LC1_027</name>
		<cutscenename>cs_lc1_027.seq</cutscenename>
	</cutscene>
	<cutscene>
		<id>118</id>
		<name>CS_LC1_028</name>
		<cutscenename>cs_lc1_028.seq</cutscenename>
	</cutscene>
	<cutscene>
		<id>119</id>
		<name>CS_LC1_029</name>
		<cutscenename>cs_lc1_029.seq</cutscenename>
	</cutscene>
	<cutscene>
		<id>120</id>
		<name>CS_LC1_030</name>
		<cutscenename>cs_lc1_030.seq</cutscenename>
	</cutscene>
	<cutscene>
		<id>121</id>
		<name>CS_DC1_001</name>
		<cutscenename>cs_dc1_001.seq</cutscenename>
	</cutscene>
	<cutscene>
		<id>122</id>
		<name>CS_DC1_002</name>
		<cutscenename>cs_dc1_002.seq</cutscenename>
	</cutscene>
	<cutscene>
		<id>123</id>
		<name>CS_DC1_003</name>
		<cutscenename>cs_dc1_003.seq</cutscenename>
	</cutscene>
	<cutscene>
		<id>124</id>
		<name>CS_DC1_004</name>
		<cutscenename>cs_dc1_004.seq</cutscenename>
	</cutscene>
	<cutscene>
		<id>125</id>
		<name>CS_DC1_005</name>
		<cutscenename>cs_dc1_005.seq</cutscenename>
	</cutscene>
	<cutscene>
		<id>126</id>
		<name>CS_DC1_006</name>
		<cutscenename>cs_dc1_006.seq</cutscenename>
	</cutscene>
	<cutscene>
		<id>127</id>
		<name>CS_DC1_007</name>
		<cutscenename>cs_dc1_007.seq</cutscenename>
	</cutscene>
	<cutscene>
		<id>128</id>
		<name>CS_DC1_008</name>
		<cutscenename>cs_dc1_008.seq</cutscenename>
	</cutscene>
	<cutscene>
		<id>129</id>
		<name>CS_DC1_009</name>
		<cutscenename>cs_dc1_009.seq</cutscenename>
	</cutscene>
	<cutscene>
		<id>130</id>
		<name>CS_DC1_010</name>
		<cutscenename>cs_dc1_010.seq</cutscenename>
	</cutscene>
	<cutscene>
		<id>131</id>
		<name>CS_DC1_011</name>
		<cutscenename>cs_dc1_011.seq</cutscenename>
	</cutscene>
	<cutscene>
		<id>132</id>
		<name>CS_DC1_012</name>
		<cutscenename>cs_dc1_012.seq</cutscenename>
	</cutscene>
	<cutscene>
		<id>133</id>
		<name>CS_DC1_013</name>
		<cutscenename>cs_dc1_013.seq</cutscenename>
	</cutscene>
	<cutscene>
		<id>134</id>
		<name>CS_DC1_014</name>
		<cutscenename>cs_dc1_014.seq</cutscenename>
	</cutscene>
	<cutscene>
		<id>135</id>
		<name>CS_DC1_015</name>
		<cutscenename>cs_dc1_015.seq</cutscenename>
	</cutscene>
	<cutscene>
		<id>136</id>
		<name>CS_DC1_016</name>
		<cutscenename>cs_dc1_016.seq</cutscenename>
	</cutscene>
	<cutscene>
		<id>137</id>
		<name>CS_DC1_017</name>
		<cutscenename>cs_dc1_017.seq</cutscenename>
	</cutscene>
	<cutscene>
		<id>138</id>
		<name>CS_DC1_018</name>
		<cutscenename>cs_dc1_018.seq</cutscenename>
	</cutscene>
	<cutscene>
		<id>139</id>
		<name>CS_DC1_019</name>
		<cutscenename>cs_dc1_019.seq</cutscenename>
	</cutscene>
	<cutscene>
		<id>140</id>
		<name>CS_DC1_020</name>
		<cutscenename>cs_dc1_020.seq</cutscenename>
	</cutscene>
	<cutscene>
		<id>141</id>
		<name>CS_DC1_021</name>
		<cutscenename>cs_dc1_021.seq</cutscenename>
	</cutscene>
	<cutscene>
		<id>142</id>
		<name>CS_DC1_022</name>
		<cutscenename>cs_dc1_022.seq</cutscenename>
	</cutscene>
	<cutscene>
		<id>143</id>
		<name>CS_DC1_023</name>
		<cutscenename>cs_dc1_023.seq</cutscenename>
	</cutscene>
	<cutscene>
		<id>144</id>
		<name>CS_DC1_024</name>
		<cutscenename>cs_dc1_024.seq</cutscenename>
	</cutscene>
	<cutscene>
		<id>145</id>
		<name>CS_DC1_025</name>
		<cutscenename>cs_dc1_025.seq</cutscenename>
	</cutscene>
	<cutscene>
		<id>146</id>
		<name>CS_DC1_026</name>
		<cutscenename>cs_dc1_026.seq</cutscenename>
	</cutscene>
	<cutscene>
		<id>147</id>
		<name>CS_DC1_027</name>
		<cutscenename>cs_dc1_027.seq</cutscenename>
	</cutscene>
	<cutscene>
		<id>148</id>
		<name>CS_DC1_028</name>
		<cutscenename>cs_dc1_028.seq</cutscenename>
	</cutscene>
	<cutscene>
		<id>149</id>
		<name>CS_DC1_029</name>
		<cutscenename>cs_dc1_029.seq</cutscenename>
	</cutscene>
	<cutscene>
		<id>150</id>
		<name>CS_DC1_030</name>
		<cutscenename>cs_dc1_030.seq</cutscenename>
	</cutscene>
	<cutscene>
		<id>151</id>
		<name>CS_ID_001</name>
		<cutscenename>cs_id_001.seq</cutscenename>
	</cutscene>
	<cutscene>
		<id>152</id>
		<name>CS_ID_002</name>
		<cutscenename>cs_id_002.seq</cutscenename>
	</cutscene>
	<cutscene>
		<id>153</id>
		<name>CS_ID_003</name>
		<cutscenename>cs_id_003.seq</cutscenename>
	</cutscene>
	<cutscene>
		<id>154</id>
		<name>CS_ID_004</name>
		<cutscenename>cs_id_004.seq</cutscenename>
	</cutscene>
	<cutscene>
		<id>155</id>
		<name>CS_ID_005</name>
		<cutscenename>cs_id_005.seq</cutscenename>
	</cutscene>
	<cutscene>
		<id>156</id>
		<name>CS_ID_006</name>
		<cutscenename>cs_id_006.seq</cutscenename>
	</cutscene>
	<cutscene>
		<id>157</id>
		<name>CS_ID_007</name>
		<cutscenename>cs_id_007.seq</cutscenename>
	</cutscene>
	<cutscene>
		<id>158</id>
		<name>CS_ID_008</name>
		<cutscenename>cs_id_008.seq</cutscenename>
	</cutscene>
	<cutscene>
		<id>159</id>
		<name>CS_ID_009</name>
		<cutscenename>cs_id_009.seq</cutscenename>
	</cutscene>
	<cutscene>
		<id>160</id>
		<name>CS_ID_010</name>
		<cutscenename>cs_id_010.seq</cutscenename>
	</cutscene>
	<cutscene>
		<id>161</id>
		<name>CS_ID_011</name>
		<cutscenename>cs_id_011.seq</cutscenename>
	</cutscene>
	<cutscene>
		<id>162</id>
		<name>CS_ID_012</name>
		<cutscenename>cs_id_012.seq</cutscenename>
	</cutscene>
	<cutscene>
		<id>163</id>
		<name>CS_ID_013</name>
		<cutscenename>cs_id_013.seq</cutscenename>
	</cutscene>
	<cutscene>
		<id>164</id>
		<name>CS_ID_014</name>
		<cutscenename>cs_id_014.seq</cutscenename>
	</cutscene>
	<cutscene>
		<id>165</id>
		<name>CS_ID_015</name>
		<cutscenename>cs_id_015.seq</cutscenename>
	</cutscene>
	<cutscene>
		<id>166</id>
		<name>CS_ID_016</name>
		<cutscenename>cs_id_016.seq</cutscenename>
	</cutscene>
	<cutscene>
		<id>167</id>
		<name>CS_ID_017</name>
		<cutscenename>cs_id_017.seq</cutscenename>
	</cutscene>
	<cutscene>
		<id>168</id>
		<name>CS_ID_018</name>
		<cutscenename>cs_id_018.seq</cutscenename>
	</cutscene>
	<cutscene>
		<id>169</id>
		<name>CS_ID_019</name>
		<cutscenename>cs_id_019.seq</cutscenename>
	</cutscene>
	<cutscene>
		<id>170</id>
		<name>CS_ID_020</name>
		<cutscenename>cs_id_020.seq</cutscenename>
	</cutscene>
	<cutscene>
		<id>171</id>
		<name>CS_LF1_021</name>
		<cutscenename>cs_lf1_021.seq</cutscenename>
	</cutscene>
	<cutscene>
		<id>172</id>
		<name>CS_LF1_022</name>
		<cutscenename>cs_lf1_022.seq</cutscenename>
	</cutscene>
	<cutscene>
		<id>173</id>
		<name>CS_LF1_023</name>
		<cutscenename>cs_lf1_023.seq</cutscenename>
	</cutscene>
	<cutscene>
		<id>174</id>
		<name>CS_LF1_024</name>
		<cutscenename>cs_lf1_024.seq</cutscenename>
	</cutscene>
	<cutscene>
		<id>175</id>
		<name>CS_LF1_025</name>
		<cutscenename>cs_lf1_025.seq</cutscenename>
	</cutscene>
	<cutscene>
		<id>176</id>
		<name>CS_LF2_021</name>
		<cutscenename>cs_lf2_021.seq</cutscenename>
	</cutscene>
	<cutscene>
		<id>177</id>
		<name>CS_LF2_022</name>
		<cutscenename>cs_lf2_022.seq</cutscenename>
	</cutscene>
	<cutscene>
		<id>178</id>
		<name>CS_LF2_023</name>
		<cutscenename>cs_lf2_023.seq</cutscenename>
	</cutscene>
	<cutscene>
		<id>179</id>
		<name>CS_LF2_024</name>
		<cutscenename>cs_lf2_024.seq</cutscenename>
	</cutscene>
	<cutscene>
		<id>180</id>
		<name>CS_LF2_025</name>
		<cutscenename>cs_lf2_025.seq</cutscenename>
	</cutscene>
	<cutscene>
		<id>181</id>
		<name>CS_LF2_026</name>
		<cutscenename>cs_lf2_026.seq</cutscenename>
	</cutscene>
	<cutscene>
		<id>182</id>
		<name>CS_LF2_027</name>
		<cutscenename>cs_lf2_027.seq</cutscenename>
	</cutscene>
	<cutscene>
		<id>183</id>
		<name>CS_LF2_028</name>
		<cutscenename>cs_lf2_028.seq</cutscenename>
	</cutscene>
	<cutscene>
		<id>184</id>
		<name>CS_LF2_029</name>
		<cutscenename>cs_lf2_029.seq</cutscenename>
	</cutscene>
	<cutscene>
		<id>185</id>
		<name>CS_LF2_030</name>
		<cutscenename>cs_lf2_030.seq</cutscenename>
	</cutscene>
	<cutscene>
		<id>186</id>
		<name>CS_LF3_001</name>
		<cutscenename>cs_lf3_001.seq</cutscenename>
	</cutscene>
	<cutscene>
		<id>187</id>
		<name>CS_LF3_002</name>
		<cutscenename>cs_lf3_002.seq</cutscenename>
	</cutscene>
	<cutscene>
		<id>188</id>
		<name>CS_LF3_003</name>
		<cutscenename>cs_lf3_003.seq</cutscenename>
	</cutscene>
	<cutscene>
		<id>189</id>
		<name>CS_LF3_004</name>
		<cutscenename>cs_lf3_004.seq</cutscenename>
	</cutscene>
	<cutscene>
		<id>190</id>
		<name>CS_LF3_005</name>
		<cutscenename>cs_lf3_005.seq</cutscenename>
	</cutscene>
	<cutscene>
		<id>191</id>
		<name>CS_LF3_006</name>
		<cutscenename>cs_lf3_006.seq</cutscenename>
	</cutscene>
	<cutscene>
		<id>192</id>
		<name>CS_LF3_007</name>
		<cutscenename>cs_lf3_007.seq</cutscenename>
	</cutscene>
	<cutscene>
		<id>193</id>
		<name>CS_LF3_008</name>
		<cutscenename>cs_lf3_008.seq</cutscenename>
	</cutscene>
	<cutscene>
		<id>194</id>
		<name>CS_LF3_009</name>
		<cutscenename>cs_lf3_009.seq</cutscenename>
	</cutscene>
	<cutscene>
		<id>195</id>
		<name>CS_LF3_010</name>
		<cutscenename>cs_lf3_010.seq</cutscenename>
	</cutscene>
	<cutscene>
		<id>196</id>
		<name>CS_LF3_011</name>
		<cutscenename>cs_lf3_011.seq</cutscenename>
	</cutscene>
	<cutscene>
		<id>197</id>
		<name>CS_LF3_012</name>
		<cutscenename>cs_lf3_012.seq</cutscenename>
	</cutscene>
	<cutscene>
		<id>198</id>
		<name>CS_LF3_013</name>
		<cutscenename>cs_lf3_013.seq</cutscenename>
	</cutscene>
	<cutscene>
		<id>199</id>
		<name>CS_LF3_014</name>
		<cutscenename>cs_lf3_014.seq</cutscenename>
	</cutscene>
	<cutscene>
		<id>200</id>
		<name>CS_LF3_015</name>
		<cutscenename>cs_lf3_015.seq</cutscenename>
	</cutscene>
	<cutscene>
		<id>201</id>
		<name>CS_LF3_016</name>
		<cutscenename>cs_lf3_016.seq</cutscenename>
	</cutscene>
	<cutscene>
		<id>202</id>
		<name>CS_LF3_017</name>
		<cutscenename>cs_lf3_017.seq</cutscenename>
	</cutscene>
	<cutscene>
		<id>203</id>
		<name>CS_LF3_018</name>
		<cutscenename>cs_lf3_018.seq</cutscenename>
	</cutscene>
	<cutscene>
		<id>204</id>
		<name>CS_LF3_019</name>
		<cutscenename>cs_lf3_019.seq</cutscenename>
	</cutscene>
	<cutscene>
		<id>205</id>
		<name>CS_LF3_020</name>
		<cutscenename>cs_lf3_020.seq</cutscenename>
	</cutscene>
	<cutscene>
		<id>206</id>
		<name>CS_LF3_021</name>
		<cutscenename>cs_lf3_021.seq</cutscenename>
	</cutscene>
	<cutscene>
		<id>207</id>
		<name>CS_LF3_022</name>
		<cutscenename>cs_lf3_022.seq</cutscenename>
	</cutscene>
	<cutscene>
		<id>208</id>
		<name>CS_LF3_023</name>
		<cutscenename>cs_lf3_023.seq</cutscenename>
	</cutscene>
	<cutscene>
		<id>209</id>
		<name>CS_LF3_024</name>
		<cutscenename>cs_lf3_024.seq</cutscenename>
	</cutscene>
	<cutscene>
		<id>210</id>
		<name>CS_LF3_025</name>
		<cutscenename>cs_lf3_025.seq</cutscenename>
	</cutscene>
	<cutscene>
		<id>211</id>
		<name>CS_LF3_026</name>
		<cutscenename>cs_lf3_026.seq</cutscenename>
	</cutscene>
	<cutscene>
		<id>212</id>
		<name>CS_LF3_027</name>
		<cutscenename>cs_lf3_027.seq</cutscenename>
	</cutscene>
	<cutscene>
		<id>213</id>
		<name>CS_LF3_028</name>
		<cutscenename>cs_lf3_028.seq</cutscenename>
	</cutscene>
	<cutscene>
		<id>214</id>
		<name>CS_LF3_029</name>
		<cutscenename>cs_lf3_029.seq</cutscenename>
	</cutscene>
	<cutscene>
		<id>215</id>
		<name>CS_LF3_030</name>
		<cutscenename>cs_lf3_030.seq</cutscenename>
	</cutscene>
	<cutscene>
		<id>216</id>
		<name>CS_DF1_021</name>
		<cutscenename>cs_df1_021.seq</cutscenename>
	</cutscene>
	<cutscene>
		<id>217</id>
		<name>CS_DF1_022</name>
		<cutscenename>cs_df1_022.seq</cutscenename>
	</cutscene>
	<cutscene>
		<id>218</id>
		<name>CS_DF1_023</name>
		<cutscenename>cs_df1_023.seq</cutscenename>
	</cutscene>
	<cutscene>
		<id>219</id>
		<name>CS_DF1_024</name>
		<cutscenename>cs_df1_024.seq</cutscenename>
	</cutscene>
	<cutscene>
		<id>220</id>
		<name>CS_DF1_025</name>
		<cutscenename>cs_df1_025.seq</cutscenename>
	</cutscene>
	<cutscene>
		<id>221</id>
		<name>CS_DF2_021</name>
		<cutscenename>cs_df2_021.seq</cutscenename>
	</cutscene>
	<cutscene>
		<id>222</id>
		<name>CS_DF2_022</name>
		<cutscenename>cs_df2_022.seq</cutscenename>
	</cutscene>
	<cutscene>
		<id>223</id>
		<name>CS_DF2_023</name>
		<cutscenename>cs_df2_023.seq</cutscenename>
	</cutscene>
	<cutscene>
		<id>224</id>
		<name>CS_DF2_024</name>
		<cutscenename>cs_df2_024.seq</cutscenename>
	</cutscene>
	<cutscene>
		<id>225</id>
		<name>CS_DF2_025</name>
		<cutscenename>cs_df2_025.seq</cutscenename>
	</cutscene>
	<cutscene>
		<id>226</id>
		<name>CS_DF2_026</name>
		<cutscenename>cs_df2_026.seq</cutscenename>
	</cutscene>
	<cutscene>
		<id>227</id>
		<name>CS_DF2_027</name>
		<cutscenename>cs_df2_027.seq</cutscenename>
	</cutscene>
	<cutscene>
		<id>228</id>
		<name>CS_DF2_028</name>
		<cutscenename>cs_df2_028.seq</cutscenename>
	</cutscene>
	<cutscene>
		<id>229</id>
		<name>CS_DF2_029</name>
		<cutscenename>cs_df2_029.seq</cutscenename>
	</cutscene>
	<cutscene>
		<id>230</id>
		<name>CS_DF2_030</name>
		<cutscenename>cs_df2_030.seq</cutscenename>
	</cutscene>
	<cutscene>
		<id>231</id>
		<name>CS_DF3_001</name>
		<cutscenename>cs_df3_001.seq</cutscenename>
	</cutscene>
	<cutscene>
		<id>232</id>
		<name>CS_DF3_002</name>
		<cutscenename>cs_df3_002.seq</cutscenename>
	</cutscene>
	<cutscene>
		<id>233</id>
		<name>CS_DF3_003</name>
		<cutscenename>cs_df3_003.seq</cutscenename>
	</cutscene>
	<cutscene>
		<id>234</id>
		<name>CS_DF3_004</name>
		<cutscenename>cs_df3_004.seq</cutscenename>
	</cutscene>
	<cutscene>
		<id>235</id>
		<name>CS_DF3_005</name>
		<cutscenename>cs_df3_005.seq</cutscenename>
	</cutscene>
	<cutscene>
		<id>236</id>
		<name>CS_DF3_006</name>
		<cutscenename>cs_df3_006.seq</cutscenename>
	</cutscene>
	<cutscene>
		<id>237</id>
		<name>CS_DF3_007</name>
		<cutscenename>cs_df3_007.seq</cutscenename>
	</cutscene>
	<cutscene>
		<id>238</id>
		<name>CS_DF3_008</name>
		<cutscenename>cs_df3_008.seq</cutscenename>
	</cutscene>
	<cutscene>
		<id>239</id>
		<name>CS_DF3_009</name>
		<cutscenename>cs_df3_009.seq</cutscenename>
	</cutscene>
	<cutscene>
		<id>240</id>
		<name>CS_DF3_010</name>
		<cutscenename>cs_df3_010.seq</cutscenename>
	</cutscene>
	<cutscene>
		<id>241</id>
		<name>CS_DF3_011</name>
		<cutscenename>cs_df3_011.seq</cutscenename>
	</cutscene>
	<cutscene>
		<id>242</id>
		<name>CS_DF3_012</name>
		<cutscenename>cs_df3_012.seq</cutscenename>
	</cutscene>
	<cutscene>
		<id>243</id>
		<name>CS_DF3_013</name>
		<cutscenename>cs_df3_013.seq</cutscenename>
	</cutscene>
	<cutscene>
		<id>244</id>
		<name>CS_DF3_014</name>
		<cutscenename>cs_df3_014.seq</cutscenename>
	</cutscene>
	<cutscene>
		<id>245</id>
		<name>CS_DF3_015</name>
		<cutscenename>cs_df3_015.seq</cutscenename>
	</cutscene>
	<cutscene>
		<id>246</id>
		<name>CS_DF3_016</name>
		<cutscenename>cs_df3_016.seq</cutscenename>
	</cutscene>
	<cutscene>
		<id>247</id>
		<name>CS_DF3_017</name>
		<cutscenename>cs_df3_017.seq</cutscenename>
	</cutscene>
	<cutscene>
		<id>248</id>
		<name>CS_DF3_018</name>
		<cutscenename>cs_df3_018.seq</cutscenename>
	</cutscene>
	<cutscene>
		<id>249</id>
		<name>CS_DF3_019</name>
		<cutscenename>cs_df3_019.seq</cutscenename>
	</cutscene>
	<cutscene>
		<id>250</id>
		<name>CS_DF3_020</name>
		<cutscenename>cs_df3_020.seq</cutscenename>
	</cutscene>
	<cutscene>
		<id>251</id>
		<name>CS_DF3_021</name>
		<cutscenename>cs_df3_021.seq</cutscenename>
	</cutscene>
	<cutscene>
		<id>252</id>
		<name>CS_DF3_022</name>
		<cutscenename>cs_df3_022.seq</cutscenename>
	</cutscene>
	<cutscene>
		<id>253</id>
		<name>CS_DF3_023</name>
		<cutscenename>cs_df3_023.seq</cutscenename>
	</cutscene>
	<cutscene>
		<id>254</id>
		<name>CS_DF3_024</name>
		<cutscenename>cs_df3_024.seq</cutscenename>
	</cutscene>
	<cutscene>
		<id>255</id>
		<name>CS_DF3_025</name>
		<cutscenename>cs_df3_025.seq</cutscenename>
	</cutscene>
	<cutscene>
		<id>256</id>
		<name>CS_DF3_026</name>
		<cutscenename>cs_df3_026.seq</cutscenename>
	</cutscene>
	<cutscene>
		<id>257</id>
		<name>CS_DF3_027</name>
		<cutscenename>cs_df3_027.seq</cutscenename>
	</cutscene>
	<cutscene>
		<id>258</id>
		<name>CS_DF3_028</name>
		<cutscenename>cs_df3_028.seq</cutscenename>
	</cutscene>
	<cutscene>
		<id>259</id>
		<name>CS_DF3_029</name>
		<cutscenename>cs_df3_029.seq</cutscenename>
	</cutscene>
	<cutscene>
		<id>260</id>
		<name>CS_DF3_030</name>
		<cutscenename>cs_df3_030.seq</cutscenename>
	</cutscene>
	<cutscene>
		<id>261</id>
		<name>CS_AB1_001</name>
		<cutscenename>cs_ab1_001.seq</cutscenename>
	</cutscene>
	<cutscene>
		<id>262</id>
		<name>CS_AB1_002</name>
		<cutscenename>cs_ab1_002.seq</cutscenename>
	</cutscene>
	<cutscene>
		<id>263</id>
		<name>CS_AB1_003</name>
		<cutscenename>cs_ab1_003.seq</cutscenename>
	</cutscene>
	<cutscene>
		<id>264</id>
		<name>CS_AB1_004</name>
		<cutscenename>cs_ab1_004.seq</cutscenename>
	</cutscene>
	<cutscene>
		<id>265</id>
		<name>CS_AB1_005</name>
		<cutscenename>cs_ab1_005.seq</cutscenename>
	</cutscene>
	<cutscene>
		<id>266</id>
		<name>CS_AB1_006</name>
		<cutscenename>cs_ab1_006.seq</cutscenename>
	</cutscene>
	<cutscene>
		<id>267</id>
		<name>CS_AB1_007</name>
		<cutscenename>cs_ab1_007.seq</cutscenename>
	</cutscene>
	<cutscene>
		<id>268</id>
		<name>CS_AB1_008</name>
		<cutscenename>cs_ab1_008.seq</cutscenename>
	</cutscene>
	<cutscene>
		<id>269</id>
		<name>CS_AB1_009</name>
		<cutscenename>cs_ab1_009.seq</cutscenename>
	</cutscene>
	<cutscene>
		<id>270</id>
		<name>CS_AB1_010</name>
		<cutscenename>cs_ab1_010.seq</cutscenename>
	</cutscene>
	<cutscene>
		<id>271</id>
		<name>CS_AB1_011</name>
		<cutscenename>cs_ab1_011.seq</cutscenename>
	</cutscene>
	<cutscene>
		<id>272</id>
		<name>CS_AB1_012</name>
		<cutscenename>cs_ab1_012.seq</cutscenename>
	</cutscene>
	<cutscene>
		<id>273</id>
		<name>CS_AB1_013</name>
		<cutscenename>cs_ab1_013.seq</cutscenename>
	</cutscene>
	<cutscene>
		<id>274</id>
		<name>CS_AB1_014</name>
		<cutscenename>cs_ab1_014.seq</cutscenename>
	</cutscene>
	<cutscene>
		<id>275</id>
		<name>CS_AB1_015</name>
		<cutscenename>cs_ab1_015.seq</cutscenename>
	</cutscene>
	<cutscene>
		<id>276</id>
		<name>CS_AB1_016</name>
		<cutscenename>cs_ab1_016.seq</cutscenename>
	</cutscene>
	<cutscene>
		<id>277</id>
		<name>CS_AB1_017</name>
		<cutscenename>cs_ab1_017.seq</cutscenename>
	</cutscene>
	<cutscene>
		<id>278</id>
		<name>CS_AB1_018</name>
		<cutscenename>cs_ab1_018.seq</cutscenename>
	</cutscene>
	<cutscene>
		<id>279</id>
		<name>CS_AB1_019</name>
		<cutscenename>cs_ab1_019.seq</cutscenename>
	</cutscene>
	<cutscene>
		<id>280</id>
		<name>CS_AB1_020</name>
		<cutscenename>cs_ab1_020.seq</cutscenename>
	</cutscene>
	<cutscene>
		<id>281</id>
		<name>CS_AB1_021</name>
		<cutscenename>cs_ab1_021.seq</cutscenename>
	</cutscene>
	<cutscene>
		<id>282</id>
		<name>CS_AB1_022</name>
		<cutscenename>cs_ab1_022.seq</cutscenename>
	</cutscene>
	<cutscene>
		<id>283</id>
		<name>CS_AB1_023</name>
		<cutscenename>cs_ab1_023.seq</cutscenename>
	</cutscene>
	<cutscene>
		<id>284</id>
		<name>CS_AB1_024</name>
		<cutscenename>cs_ab1_024.seq</cutscenename>
	</cutscene>
	<cutscene>
		<id>285</id>
		<name>CS_AB1_025</name>
		<cutscenename>cs_ab1_025.seq</cutscenename>
	</cutscene>
	<cutscene>
		<id>286</id>
		<name>CS_AB1_026</name>
		<cutscenename>cs_ab1_026.seq</cutscenename>
	</cutscene>
	<cutscene>
		<id>287</id>
		<name>CS_AB1_027</name>
		<cutscenename>cs_ab1_027.seq</cutscenename>
	</cutscene>
	<cutscene>
		<id>288</id>
		<name>CS_AB1_028</name>
		<cutscenename>cs_ab1_028.seq</cutscenename>
	</cutscene>
	<cutscene>
		<id>289</id>
		<name>CS_AB1_029</name>
		<cutscenename>cs_ab1_029.seq</cutscenename>
	</cutscene>
	<cutscene>
		<id>290</id>
		<name>CS_AB1_030</name>
		<cutscenename>cs_ab1_030.seq</cutscenename>
	</cutscene>
	<cutscene>
		<id>291</id>
		<name>CS_AB1_031</name>
		<cutscenename>cs_ab1_031.seq</cutscenename>
	</cutscene>
	<cutscene>
		<id>292</id>
		<name>CS_AB1_032</name>
		<cutscenename>cs_ab1_032.seq</cutscenename>
	</cutscene>
	<cutscene>
		<id>293</id>
		<name>CS_AB1_033</name>
		<cutscenename>cs_ab1_033.seq</cutscenename>
	</cutscene>
	<cutscene>
		<id>294</id>
		<name>CS_AB1_034</name>
		<cutscenename>cs_ab1_034.seq</cutscenename>
	</cutscene>
	<cutscene>
		<id>295</id>
		<name>CS_AB1_035</name>
		<cutscenename>cs_ab1_035.seq</cutscenename>
	</cutscene>
	<cutscene>
		<id>296</id>
		<name>CS_AB1_036</name>
		<cutscenename>cs_ab1_036.seq</cutscenename>
	</cutscene>
	<cutscene>
		<id>297</id>
		<name>CS_AB1_037</name>
		<cutscenename>cs_ab1_037.seq</cutscenename>
	</cutscene>
	<cutscene>
		<id>298</id>
		<name>CS_AB1_038</name>
		<cutscenename>cs_ab1_038.seq</cutscenename>
	</cutscene>
	<cutscene>
		<id>299</id>
		<name>CS_AB1_039</name>
		<cutscenename>cs_ab1_039.seq</cutscenename>
	</cutscene>
	<cutscene>
		<id>300</id>
		<name>CS_AB1_040</name>
		<cutscenename>cs_ab1_040.seq</cutscenename>
	</cutscene>
	<cutscene>
		<id>351</id>
		<name>CS_LF2_031</name>
		<cutscenename>cs_lf2_031.seq</cutscenename>
	</cutscene>
	<cutscene>
		<id>352</id>
		<name>CS_LF2_032</name>
		<cutscenename>cs_lf2_032.seq</cutscenename>
	</cutscene>
	<cutscene>
		<id>353</id>
		<name>CS_LF2_033</name>
		<cutscenename>cs_lf2_033.seq</cutscenename>
	</cutscene>
	<cutscene>
		<id>354</id>
		<name>CS_LF2_034</name>
		<cutscenename>cs_lf2_034.seq</cutscenename>
	</cutscene>
	<cutscene>
		<id>355</id>
		<name>CS_LF2_035</name>
		<cutscenename>cs_lf2_035.seq</cutscenename>
	</cutscene>
	<cutscene>
		<id>356</id>
		<name>CS_LF2_036</name>
		<cutscenename>cs_lf2_036.seq</cutscenename>
	</cutscene>
	<cutscene>
		<id>357</id>
		<name>CS_LF2_037</name>
		<cutscenename>cs_lf2_037.seq</cutscenename>
	</cutscene>
	<cutscene>
		<id>358</id>
		<name>CS_LF2_038</name>
		<cutscenename>cs_lf2_038.seq</cutscenename>
	</cutscene>
	<cutscene>
		<id>359</id>
		<name>CS_LF2_039</name>
		<cutscenename>cs_lf2_039.seq</cutscenename>
	</cutscene>
	<cutscene>
		<id>360</id>
		<name>CS_LF2_040</name>
		<cutscenename>cs_lf2_040.seq</cutscenename>
	</cutscene>
	<cutscene>
		<id>361</id>
		<name>CS_LF2A_001</name>
		<cutscenename>cs_lf2a_001.seq</cutscenename>
	</cutscene>
	<cutscene>
		<id>362</id>
		<name>CS_LF2A_002</name>
		<cutscenename>cs_lf2a_002.seq</cutscenename>
	</cutscene>
	<cutscene>
		<id>363</id>
		<name>CS_LF2A_003</name>
		<cutscenename>cs_lf2a_003.seq</cutscenename>
	</cutscene>
	<cutscene>
		<id>364</id>
		<name>CS_LF2A_004</name>
		<cutscenename>cs_lf2a_004.seq</cutscenename>
	</cutscene>
	<cutscene>
		<id>365</id>
		<name>CS_LF2A_005</name>
		<cutscenename>cs_lf2a_005.seq</cutscenename>
	</cutscene>
	<cutscene>
		<id>366</id>
		<name>CS_LF2A_006</name>
		<cutscenename>cs_lf2a_006.seq</cutscenename>
	</cutscene>
	<cutscene>
		<id>367</id>
		<name>CS_LF2A_007</name>
		<cutscenename>cs_lf2a_007.seq</cutscenename>
	</cutscene>
	<cutscene>
		<id>368</id>
		<name>CS_LF2A_008</name>
		<cutscenename>cs_lf2a_008.seq</cutscenename>
	</cutscene>
	<cutscene>
		<id>369</id>
		<name>CS_LF2A_009</name>
		<cutscenename>cs_lf2a_009.seq</cutscenename>
	</cutscene>
	<cutscene>
		<id>370</id>
		<name>CS_LF2A_010</name>
		<cutscenename>cs_lf2a_010.seq</cutscenename>
	</cutscene>
	<cutscene>
		<id>371</id>
		<name>CS_LF2A_011</name>
		<cutscenename>cs_lf2a_011.seq</cutscenename>
	</cutscene>
	<cutscene>
		<id>372</id>
		<name>CS_LF2A_012</name>
		<cutscenename>cs_lf2a_012.seq</cutscenename>
	</cutscene>
	<cutscene>
		<id>373</id>
		<name>CS_LF2A_013</name>
		<cutscenename>cs_lf2a_013.seq</cutscenename>
	</cutscene>
	<cutscene>
		<id>374</id>
		<name>CS_LF2A_014</name>
		<cutscenename>cs_lf2a_014.seq</cutscenename>
	</cutscene>
	<cutscene>
		<id>375</id>
		<name>CS_LF2A_015</name>
		<cutscenename>cs_lf2a_015.seq</cutscenename>
	</cutscene>
	<cutscene>
		<id>376</id>
		<name>CS_LF2A_016</name>
		<cutscenename>cs_lf2a_016.seq</cutscenename>
	</cutscene>
	<cutscene>
		<id>377</id>
		<name>CS_LF2A_017</name>
		<cutscenename>cs_lf2a_017.seq</cutscenename>
	</cutscene>
	<cutscene>
		<id>378</id>
		<name>CS_LF2A_018</name>
		<cutscenename>cs_lf2a_018.seq</cutscenename>
	</cutscene>
	<cutscene>
		<id>379</id>
		<name>CS_LF2A_019</name>
		<cutscenename>cs_lf2a_019.seq</cutscenename>
	</cutscene>
	<cutscene>
		<id>380</id>
		<name>CS_LF2A_020</name>
		<cutscenename>cs_lf2a_020.seq</cutscenename>
	</cutscene>
	<cutscene>
		<id>381</id>
		<name>CS_LF2A_021</name>
		<cutscenename>cs_lf2a_021.seq</cutscenename>
	</cutscene>
	<cutscene>
		<id>382</id>
		<name>CS_LF2A_022</name>
		<cutscenename>cs_lf2a_022.seq</cutscenename>
	</cutscene>
	<cutscene>
		<id>383</id>
		<name>CS_LF2A_023</name>
		<cutscenename>cs_lf2a_023.seq</cutscenename>
	</cutscene>
	<cutscene>
		<id>384</id>
		<name>CS_LF2A_024</name>
		<cutscenename>cs_lf2a_024.seq</cutscenename>
	</cutscene>
	<cutscene>
		<id>385</id>
		<name>CS_LF2A_025</name>
		<cutscenename>cs_lf2a_025.seq</cutscenename>
	</cutscene>
	<cutscene>
		<id>386</id>
		<name>CS_LF2A_026</name>
		<cutscenename>cs_lf2a_026.seq</cutscenename>
	</cutscene>
	<cutscene>
		<id>387</id>
		<name>CS_LF2A_027</name>
		<cutscenename>cs_lf2a_027.seq</cutscenename>
	</cutscene>
	<cutscene>
		<id>388</id>
		<name>CS_LF2A_028</name>
		<cutscenename>cs_lf2a_028.seq</cutscenename>
	</cutscene>
	<cutscene>
		<id>389</id>
		<name>CS_LF2A_029</name>
		<cutscenename>cs_lf2a_029.seq</cutscenename>
	</cutscene>
	<cutscene>
		<id>390</id>
		<name>CS_LF2A_030</name>
		<cutscenename>cs_lf2a_030.seq</cutscenename>
	</cutscene>
	<cutscene>
		<id>391</id>
		<name>CS_DF2A_001</name>
		<cutscenename>cs_df2a_001.seq</cutscenename>
	</cutscene>
	<cutscene>
		<id>392</id>
		<name>CS_DF2A_002</name>
		<cutscenename>cs_df2a_002.seq</cutscenename>
	</cutscene>
	<cutscene>
		<id>393</id>
		<name>CS_DF2A_003</name>
		<cutscenename>cs_df2a_003.seq</cutscenename>
	</cutscene>
	<cutscene>
		<id>394</id>
		<name>CS_DF2A_004</name>
		<cutscenename>cs_df2a_004.seq</cutscenename>
	</cutscene>
	<cutscene>
		<id>395</id>
		<name>CS_DF2A_005</name>
		<cutscenename>cs_df2a_005.seq</cutscenename>
	</cutscene>
	<cutscene>
		<id>396</id>
		<name>CS_DF2A_006</name>
		<cutscenename>cs_df2a_006.seq</cutscenename>
	</cutscene>
	<cutscene>
		<id>397</id>
		<name>CS_DF2A_007</name>
		<cutscenename>cs_df2a_007.seq</cutscenename>
	</cutscene>
	<cutscene>
		<id>398</id>
		<name>CS_DF2A_008</name>
		<cutscenename>cs_df2a_008.seq</cutscenename>
	</cutscene>
	<cutscene>
		<id>399</id>
		<name>CS_DF2A_009</name>
		<cutscenename>cs_df2a_009.seq</cutscenename>
	</cutscene>
	<cutscene>
		<id>400</id>
		<name>CS_DF2A_010</name>
		<cutscenename>cs_df2a_010.seq</cutscenename>
	</cutscene>
	<cutscene>
		<id>401</id>
		<name>CS_DF2A_011</name>
		<cutscenename>cs_df2a_011.seq</cutscenename>
	</cutscene>
	<cutscene>
		<id>402</id>
		<name>CS_DF2A_012</name>
		<cutscenename>cs_df2a_012.seq</cutscenename>
	</cutscene>
	<cutscene>
		<id>403</id>
		<name>CS_DF2A_013</name>
		<cutscenename>cs_df2a_013.seq</cutscenename>
	</cutscene>
	<cutscene>
		<id>404</id>
		<name>CS_DF2A_014</name>
		<cutscenename>cs_df2a_014.seq</cutscenename>
	</cutscene>
	<cutscene>
		<id>405</id>
		<name>CS_DF2A_015</name>
		<cutscenename>cs_df2a_015.seq</cutscenename>
	</cutscene>
	<cutscene>
		<id>406</id>
		<name>CS_DF2A_016</name>
		<cutscenename>cs_df2a_016.seq</cutscenename>
	</cutscene>
	<cutscene>
		<id>407</id>
		<name>CS_DF2A_017</name>
		<cutscenename>cs_df2a_017.seq</cutscenename>
	</cutscene>
	<cutscene>
		<id>408</id>
		<name>CS_DF2A_018</name>
		<cutscenename>cs_df2a_018.seq</cutscenename>
	</cutscene>
	<cutscene>
		<id>409</id>
		<name>CS_DF2A_019</name>
		<cutscenename>cs_df2a_019.seq</cutscenename>
	</cutscene>
	<cutscene>
		<id>410</id>
		<name>CS_DF2A_020</name>
		<cutscenename>cs_df2a_020.seq</cutscenename>
	</cutscene>
	<cutscene>
		<id>411</id>
		<name>CS_DF2A_021</name>
		<cutscenename>cs_df2a_021.seq</cutscenename>
	</cutscene>
	<cutscene>
		<id>412</id>
		<name>CS_DF2A_022</name>
		<cutscenename>cs_df2a_022.seq</cutscenename>
	</cutscene>
	<cutscene>
		<id>413</id>
		<name>CS_DF2A_023</name>
		<cutscenename>cs_df2a_023.seq</cutscenename>
	</cutscene>
	<cutscene>
		<id>414</id>
		<name>CS_DF2A_024</name>
		<cutscenename>cs_df2a_024.seq</cutscenename>
	</cutscene>
	<cutscene>
		<id>415</id>
		<name>CS_DF2A_025</name>
		<cutscenename>cs_df2a_025.seq</cutscenename>
	</cutscene>
	<cutscene>
		<id>416</id>
		<name>CS_DF2A_026</name>
		<cutscenename>cs_df2a_026.seq</cutscenename>
	</cutscene>
	<cutscene>
		<id>417</id>
		<name>CS_DF2A_027</name>
		<cutscenename>cs_df2a_027.seq</cutscenename>
	</cutscene>
	<cutscene>
		<id>418</id>
		<name>CS_DF2A_028</name>
		<cutscenename>cs_df2a_028.seq</cutscenename>
	</cutscene>
	<cutscene>
		<id>419</id>
		<name>CS_DF2A_029</name>
		<cutscenename>cs_df2a_029.seq</cutscenename>
	</cutscene>
	<cutscene>
		<id>420</id>
		<name>CS_DF2A_030</name>
		<cutscenename>cs_df2a_030.seq</cutscenename>
	</cutscene>
	<cutscene>
		<id>421</id>
		<name>CS_ID_021</name>
		<cutscenename>cs_id_021.seq</cutscenename>
	</cutscene>
	<cutscene>
		<id>422</id>
		<name>CS_ID_022</name>
		<cutscenename>cs_id_022.seq</cutscenename>
	</cutscene>
	<cutscene>
		<id>423</id>
		<name>CS_ID_023</name>
		<cutscenename>cs_id_023.seq</cutscenename>
	</cutscene>
	<cutscene>
		<id>424</id>
		<name>CS_ID_024</name>
		<cutscenename>cs_id_024.seq</cutscenename>
	</cutscene>
	<cutscene>
		<id>425</id>
		<name>CS_ID_025</name>
		<cutscenename>cs_id_025.seq</cutscenename>
	</cutscene>
	<cutscene>
		<id>426</id>
		<name>CS_ID_026</name>
		<cutscenename>cs_id_026.seq</cutscenename>
	</cutscene>
	<cutscene>
		<id>427</id>
		<name>CS_ID_027</name>
		<cutscenename>cs_id_027.seq</cutscenename>
	</cutscene>
	<cutscene>
		<id>428</id>
		<name>CS_ID_028</name>
		<cutscenename>cs_id_028.seq</cutscenename>
	</cutscene>
	<cutscene>
		<id>429</id>
		<name>CS_ID_029</name>
		<cutscenename>cs_id_029.seq</cutscenename>
	</cutscene>
	<cutscene>
		<id>430</id>
		<name>CS_ID_030</name>
		<cutscenename>cs_id_030.seq</cutscenename>
	</cutscene>
	<cutscene>
		<id>431</id>
		<name>CS_ID_031</name>
		<cutscenename>cs_id_031.seq</cutscenename>
	</cutscene>
	<cutscene>
		<id>432</id>
		<name>CS_ID_032</name>
		<cutscenename>cs_id_032.seq</cutscenename>
	</cutscene>
	<cutscene>
		<id>433</id>
		<name>CS_ID_033</name>
		<cutscenename>cs_id_033.seq</cutscenename>
	</cutscene>
	<cutscene>
		<id>434</id>
		<name>CS_ID_034</name>
		<cutscenename>cs_id_034.seq</cutscenename>
	</cutscene>
	<cutscene>
		<id>435</id>
		<name>CS_ID_035</name>
		<cutscenename>cs_id_035.seq</cutscenename>
	</cutscene>
	<cutscene>
		<id>436</id>
		<name>CS_ID_036</name>
		<cutscenename>cs_id_036.seq</cutscenename>
	</cutscene>
	<cutscene>
		<id>437</id>
		<name>CS_ID_037</name>
		<cutscenename>cs_id_037.seq</cutscenename>
	</cutscene>
	<cutscene>
		<id>438</id>
		<name>CS_ID_038</name>
		<cutscenename>cs_id_038.seq</cutscenename>
	</cutscene>
	<cutscene>
		<id>439</id>
		<name>CS_ID_039</name>
		<cutscenename>cs_id_039.seq</cutscenename>
	</cutscene>
	<cutscene>
		<id>440</id>
		<name>CS_ID_040</name>
		<cutscenename>cs_id_040.seq</cutscenename>
	</cutscene>
	<cutscene>
		<id>441</id>
		<name>CS_ID_041</name>
		<cutscenename>cs_id_041.seq</cutscenename>
	</cutscene>
	<cutscene>
		<id>442</id>
		<name>CS_ID_042</name>
		<cutscenename>cs_id_042.seq</cutscenename>
	</cutscene>
	<cutscene>
		<id>443</id>
		<name>CS_ID_043</name>
		<cutscenename>cs_id_043.seq</cutscenename>
	</cutscene>
	<cutscene>
		<id>444</id>
		<name>CS_ID_044</name>
		<cutscenename>cs_id_044.seq</cutscenename>
	</cutscene>
	<cutscene>
		<id>445</id>
		<name>CS_ID_045</name>
		<cutscenename>cs_id_045.seq</cutscenename>
	</cutscene>
	<cutscene>
		<id>446</id>
		<name>CS_ID_046</name>
		<cutscenename>cs_id_046.seq</cutscenename>
	</cutscene>
	<cutscene>
		<id>447</id>
		<name>CS_ID_047</name>
		<cutscenename>cs_id_047.seq</cutscenename>
	</cutscene>
	<cutscene>
		<id>448</id>
		<name>CS_ID_048</name>
		<cutscenename>cs_id_048.seq</cutscenename>
	</cutscene>
	<cutscene>
		<id>449</id>
		<name>CS_ID_049</name>
		<cutscenename>cs_id_049.seq</cutscenename>
	</cutscene>
	<cutscene>
		<id>450</id>
		<name>CS_ID_050</name>
		<cutscenename>cs_id_050.seq</cutscenename>
	</cutscene>
	<cutscene>
		<id>451</id>
		<name>CS_ID_051</name>
		<cutscenename>cs_id_051.seq</cutscenename>
	</cutscene>
	<cutscene>
		<id>452</id>
		<name>CS_ID_052</name>
		<cutscenename>cs_id_052.seq</cutscenename>
	</cutscene>
	<cutscene>
		<id>453</id>
		<name>CS_ID_053</name>
		<cutscenename>cs_id_053.seq</cutscenename>
	</cutscene>
	<cutscene>
		<id>454</id>
		<name>CS_ID_054</name>
		<cutscenename>cs_id_054.seq</cutscenename>
	</cutscene>
	<cutscene>
		<id>455</id>
		<name>CS_ID_055</name>
		<cutscenename>cs_id_055.seq</cutscenename>
	</cutscene>
	<cutscene>
		<id>456</id>
		<name>CS_ID_056</name>
		<cutscenename>cs_id_056.seq</cutscenename>
	</cutscene>
	<cutscene>
		<id>457</id>
		<name>CS_ID_057</name>
		<cutscenename>cs_id_057.seq</cutscenename>
	</cutscene>
	<cutscene>
		<id>458</id>
		<name>CS_ID_058</name>
		<cutscenename>cs_id_058.seq</cutscenename>
	</cutscene>
	<cutscene>
		<id>459</id>
		<name>CS_ID_059</name>
		<cutscenename>cs_id_059.seq</cutscenename>
	</cutscene>
	<cutscene>
		<id>460</id>
		<name>CS_ID_060</name>
		<cutscenename>cs_id_060.seq</cutscenename>
	</cutscene>
	<cutscene>
		<id>461</id>
		<name>CS_ID_061</name>
		<cutscenename>cs_id_061.seq</cutscenename>
	</cutscene>
	<cutscene>
		<id>462</id>
		<name>CS_ID_062</name>
		<cutscenename>cs_id_062.seq</cutscenename>
	</cutscene>
	<cutscene>
		<id>463</id>
		<name>CS_ID_063</name>
		<cutscenename>cs_id_063.seq</cutscenename>
	</cutscene>
	<cutscene>
		<id>464</id>
		<name>CS_ID_064</name>
		<cutscenename>cs_id_064.seq</cutscenename>
	</cutscene>
	<cutscene>
		<id>465</id>
		<name>CS_ID_065</name>
		<cutscenename>cs_id_065.seq</cutscenename>
	</cutscene>
	<cutscene>
		<id>466</id>
		<name>CS_ID_066</name>
		<cutscenename>cs_id_066.seq</cutscenename>
	</cutscene>
	<cutscene>
		<id>467</id>
		<name>CS_ID_067</name>
		<cutscenename>cs_id_067.seq</cutscenename>
	</cutscene>
	<cutscene>
		<id>468</id>
		<name>CS_ID_068</name>
		<cutscenename>cs_id_068.seq</cutscenename>
	</cutscene>
	<cutscene>
		<id>469</id>
		<name>CS_ID_069</name>
		<cutscenename>cs_id_069.seq</cutscenename>
	</cutscene>
	<cutscene>
		<id>470</id>
		<name>CS_ID_070</name>
		<cutscenename>cs_id_070.seq</cutscenename>
	</cutscene>
	<cutscene>
		<id>471</id>
		<name>CS_ID_071</name>
		<cutscenename>cs_id_071.seq</cutscenename>
	</cutscene>
	<cutscene>
		<id>472</id>
		<name>CS_ID_072</name>
		<cutscenename>cs_id_072.seq</cutscenename>
	</cutscene>
	<cutscene>
		<id>473</id>
		<name>CS_ID_073</name>
		<cutscenename>cs_id_073.seq</cutscenename>
	</cutscene>
	<cutscene>
		<id>474</id>
		<name>CS_ID_074</name>
		<cutscenename>cs_id_074.seq</cutscenename>
	</cutscene>
	<cutscene>
		<id>475</id>
		<name>CS_ID_075</name>
		<cutscenename>cs_id_075.seq</cutscenename>
	</cutscene>
	<cutscene>
		<id>476</id>
		<name>CS_ID_076</name>
		<cutscenename>cs_id_076.seq</cutscenename>
	</cutscene>
	<cutscene>
		<id>477</id>
		<name>CS_ID_077</name>
		<cutscenename>cs_id_077.seq</cutscenename>
	</cutscene>
	<cutscene>
		<id>478</id>
		<name>CS_ID_078</name>
		<cutscenename>cs_id_078.seq</cutscenename>
	</cutscene>
	<cutscene>
		<id>479</id>
		<name>CS_ID_079</name>
		<cutscenename>cs_id_079.seq</cutscenename>
	</cutscene>
	<cutscene>
		<id>480</id>
		<name>CS_ID_080</name>
		<cutscenename>cs_id_080.seq</cutscenename>
	</cutscene>
	<cutscene>
		<id>481</id>
		<name>CS_ID_081</name>
		<cutscenename>cs_id_081.seq</cutscenename>
	</cutscene>
	<cutscene>
		<id>482</id>
		<name>CS_ID_082</name>
		<cutscenename>cs_id_082.seq</cutscenename>
	</cutscene>
	<cutscene>
		<id>483</id>
		<name>CS_ID_083</name>
		<cutscenename>cs_id_083.seq</cutscenename>
	</cutscene>
	<cutscene>
		<id>484</id>
		<name>CS_ID_084</name>
		<cutscenename>cs_id_084.seq</cutscenename>
	</cutscene>
	<cutscene>
		<id>485</id>
		<name>CS_ID_085</name>
		<cutscenename>cs_id_085.seq</cutscenename>
	</cutscene>
	<cutscene>
		<id>486</id>
		<name>CS_ID_086</name>
		<cutscenename>cs_id_086.seq</cutscenename>
	</cutscene>
	<cutscene>
		<id>487</id>
		<name>CS_ID_087</name>
		<cutscenename>cs_id_087.seq</cutscenename>
	</cutscene>
	<cutscene>
		<id>488</id>
		<name>CS_ID_088</name>
		<cutscenename>cs_id_088.seq</cutscenename>
	</cutscene>
	<cutscene>
		<id>489</id>
		<name>CS_ID_089</name>
		<cutscenename>cs_id_089.seq</cutscenename>
	</cutscene>
	<cutscene>
		<id>490</id>
		<name>CS_ID_090</name>
		<cutscenename>cs_id_090.seq</cutscenename>
	</cutscene>
	<cutscene>
		<id>491</id>
		<name>CS_ID_091</name>
		<cutscenename>cs_id_091.seq</cutscenename>
	</cutscene>
	<cutscene>
		<id>492</id>
		<name>CS_ID_092</name>
		<cutscenename>cs_id_092.seq</cutscenename>
	</cutscene>
	<cutscene>
		<id>493</id>
		<name>CS_ID_093</name>
		<cutscenename>cs_id_093.seq</cutscenename>
	</cutscene>
	<cutscene>
		<id>494</id>
		<name>CS_ID_094</name>
		<cutscenename>cs_id_094.seq</cutscenename>
	</cutscene>
	<cutscene>
		<id>495</id>
		<name>CS_ID_095</name>
		<cutscenename>cs_id_095.seq</cutscenename>
	</cutscene>
	<cutscene>
		<id>496</id>
		<name>CS_ID_096</name>
		<cutscenename>cs_id_096.seq</cutscenename>
	</cutscene>
	<cutscene>
		<id>497</id>
		<name>CS_ID_097</name>
		<cutscenename>cs_id_097.seq</cutscenename>
	</cutscene>
	<cutscene>
		<id>498</id>
		<name>CS_ID_098</name>
		<cutscenename>cs_id_098.seq</cutscenename>
	</cutscene>
	<cutscene>
		<id>499</id>
		<name>CS_ID_099</name>
		<cutscenename>cs_id_099.seq</cutscenename>
	</cutscene>
	<cutscene>
		<id>500</id>
		<name>CS_ID_100</name>
		<cutscenename>cs_id_100.seq</cutscenename>
	</cutscene>
	<cutscene>
		<id>501</id>
		<name>CS_LF4_001</name>
		<cutscenename>cs_lf4_001.seq</cutscenename>
	</cutscene>
	<cutscene>
		<id>502</id>
		<name>CS_LF4_002</name>
		<cutscenename>cs_lf4_002.seq</cutscenename>
	</cutscene>
	<cutscene>
		<id>503</id>
		<name>CS_LF4_003</name>
		<cutscenename>cs_lf4_003.seq</cutscenename>
	</cutscene>
	<cutscene>
		<id>504</id>
		<name>CS_LF4_004</name>
		<cutscenename>cs_lf4_004.seq</cutscenename>
	</cutscene>
	<cutscene>
		<id>505</id>
		<name>CS_LF4_005</name>
		<cutscenename>cs_lf4_005.seq</cutscenename>
	</cutscene>
	<cutscene>
		<id>506</id>
		<name>CS_LF4_006</name>
		<cutscenename>cs_lf4_006.seq</cutscenename>
	</cutscene>
	<cutscene>
		<id>507</id>
		<name>CS_LF4_007</name>
		<cutscenename>cs_lf4_007.seq</cutscenename>
	</cutscene>
	<cutscene>
		<id>508</id>
		<name>CS_LF4_008</name>
		<cutscenename>cs_lf4_008.seq</cutscenename>
	</cutscene>
	<cutscene>
		<id>509</id>
		<name>CS_LF4_009</name>
		<cutscenename>cs_lf4_009.seq</cutscenename>
	</cutscene>
	<cutscene>
		<id>510</id>
		<name>CS_LF4_010</name>
		<cutscenename>cs_lf4_010.seq</cutscenename>
	</cutscene>
	<cutscene>
		<id>511</id>
		<name>CS_LF4_011</name>
		<cutscenename>cs_lf4_011.seq</cutscenename>
	</cutscene>
	<cutscene>
		<id>512</id>
		<name>CS_LF4_012</name>
		<cutscenename>cs_lf4_012.seq</cutscenename>
	</cutscene>
	<cutscene>
		<id>513</id>
		<name>CS_LF4_013</name>
		<cutscenename>cs_lf4_013.seq</cutscenename>
	</cutscene>
	<cutscene>
		<id>514</id>
		<name>CS_LF4_014</name>
		<cutscenename>cs_lf4_014.seq</cutscenename>
	</cutscene>
	<cutscene>
		<id>515</id>
		<name>CS_LF4_015</name>
		<cutscenename>cs_lf4_015.seq</cutscenename>
	</cutscene>
	<cutscene>
		<id>516</id>
		<name>CS_LF4_016</name>
		<cutscenename>cs_lf4_016.seq</cutscenename>
	</cutscene>
	<cutscene>
		<id>517</id>
		<name>CS_LF4_017</name>
		<cutscenename>cs_lf4_017.seq</cutscenename>
	</cutscene>
	<cutscene>
		<id>518</id>
		<name>CS_LF4_018</name>
		<cutscenename>cs_lf4_018.seq</cutscenename>
	</cutscene>
	<cutscene>
		<id>519</id>
		<name>CS_LF4_019</name>
		<cutscenename>cs_lf4_019.seq</cutscenename>
	</cutscene>
	<cutscene>
		<id>520</id>
		<name>CS_LF4_020</name>
		<cutscenename>cs_lf4_020.seq</cutscenename>
	</cutscene>
	<cutscene>
		<id>521</id>
		<name>CS_LF4_021</name>
		<cutscenename>cs_lf4_021.seq</cutscenename>
	</cutscene>
	<cutscene>
		<id>522</id>
		<name>CS_LF4_022</name>
		<cutscenename>cs_lf4_022.seq</cutscenename>
	</cutscene>
	<cutscene>
		<id>523</id>
		<name>CS_LF4_023</name>
		<cutscenename>cs_lf4_023.seq</cutscenename>
	</cutscene>
	<cutscene>
		<id>524</id>
		<name>CS_LF4_024</name>
		<cutscenename>cs_lf4_024.seq</cutscenename>
	</cutscene>
	<cutscene>
		<id>525</id>
		<name>CS_LF4_025</name>
		<cutscenename>cs_lf4_025.seq</cutscenename>
	</cutscene>
	<cutscene>
		<id>526</id>
		<name>CS_LF4_026</name>
		<cutscenename>cs_lf4_026.seq</cutscenename>
	</cutscene>
	<cutscene>
		<id>527</id>
		<name>CS_LF4_027</name>
		<cutscenename>cs_lf4_027.seq</cutscenename>
	</cutscene>
	<cutscene>
		<id>528</id>
		<name>CS_LF4_028</name>
		<cutscenename>cs_lf4_028.seq</cutscenename>
	</cutscene>
	<cutscene>
		<id>529</id>
		<name>CS_LF4_029</name>
		<cutscenename>cs_lf4_029.seq</cutscenename>
	</cutscene>
	<cutscene>
		<id>530</id>
		<name>CS_LF4_030</name>
		<cutscenename>cs_lf4_030.seq</cutscenename>
	</cutscene>
	<cutscene>
		<id>531</id>
		<name>CS_LF4_031</name>
		<cutscenename>cs_lf4_031.seq</cutscenename>
	</cutscene>
	<cutscene>
		<id>532</id>
		<name>CS_LF4_032</name>
		<cutscenename>cs_lf4_032.seq</cutscenename>
	</cutscene>
	<cutscene>
		<id>533</id>
		<name>CS_LF4_033</name>
		<cutscenename>cs_lf4_033.seq</cutscenename>
	</cutscene>
	<cutscene>
		<id>534</id>
		<name>CS_LF4_034</name>
		<cutscenename>cs_lf4_034.seq</cutscenename>
	</cutscene>
	<cutscene>
		<id>535</id>
		<name>CS_LF4_035</name>
		<cutscenename>cs_lf4_035.seq</cutscenename>
	</cutscene>
	<cutscene>
		<id>536</id>
		<name>CS_LF4_036</name>
		<cutscenename>cs_lf4_036.seq</cutscenename>
	</cutscene>
	<cutscene>
		<id>537</id>
		<name>CS_LF4_037</name>
		<cutscenename>cs_lf4_037.seq</cutscenename>
	</cutscene>
	<cutscene>
		<id>538</id>
		<name>CS_LF4_038</name>
		<cutscenename>cs_lf4_038.seq</cutscenename>
	</cutscene>
	<cutscene>
		<id>539</id>
		<name>CS_LF4_039</name>
		<cutscenename>cs_lf4_039.seq</cutscenename>
	</cutscene>
	<cutscene>
		<id>540</id>
		<name>CS_LF4_040</name>
		<cutscenename>cs_lf4_040.seq</cutscenename>
	</cutscene>
	<cutscene>
		<id>541</id>
		<name>CS_LF4_041</name>
		<cutscenename>cs_lf4_041.seq</cutscenename>
	</cutscene>
	<cutscene>
		<id>542</id>
		<name>CS_LF4_042</name>
		<cutscenename>cs_lf4_042.seq</cutscenename>
	</cutscene>
	<cutscene>
		<id>543</id>
		<name>CS_LF4_043</name>
		<cutscenename>cs_lf4_043.seq</cutscenename>
	</cutscene>
	<cutscene>
		<id>544</id>
		<name>CS_LF4_044</name>
		<cutscenename>cs_lf4_044.seq</cutscenename>
	</cutscene>
	<cutscene>
		<id>545</id>
		<name>CS_LF4_045</name>
		<cutscenename>cs_lf4_045.seq</cutscenename>
	</cutscene>
	<cutscene>
		<id>546</id>
		<name>CS_LF4_046</name>
		<cutscenename>cs_lf4_046.seq</cutscenename>
	</cutscene>
	<cutscene>
		<id>547</id>
		<name>CS_LF4_047</name>
		<cutscenename>cs_lf4_047.seq</cutscenename>
	</cutscene>
	<cutscene>
		<id>548</id>
		<name>CS_LF4_048</name>
		<cutscenename>cs_lf4_048.seq</cutscenename>
	</cutscene>
	<cutscene>
		<id>549</id>
		<name>CS_LF4_049</name>
		<cutscenename>cs_lf4_049.seq</cutscenename>
	</cutscene>
	<cutscene>
		<id>550</id>
		<name>CS_LF4_050</name>
		<cutscenename>cs_lf4_050.seq</cutscenename>
	</cutscene>
	<cutscene>
		<id>551</id>
		<name>CS_DF4_001</name>
		<cutscenename>cs_df4_001.seq</cutscenename>
	</cutscene>
	<cutscene>
		<id>552</id>
		<name>CS_DF4_002</name>
		<cutscenename>cs_df4_002.seq</cutscenename>
	</cutscene>
	<cutscene>
		<id>553</id>
		<name>CS_DF4_003</name>
		<cutscenename>cs_df4_003.seq</cutscenename>
	</cutscene>
	<cutscene>
		<id>554</id>
		<name>CS_DF4_004</name>
		<cutscenename>cs_df4_004.seq</cutscenename>
	</cutscene>
	<cutscene>
		<id>555</id>
		<name>CS_DF4_005</name>
		<cutscenename>cs_df4_005.seq</cutscenename>
	</cutscene>
	<cutscene>
		<id>556</id>
		<name>CS_DF4_006</name>
		<cutscenename>cs_df4_006.seq</cutscenename>
	</cutscene>
	<cutscene>
		<id>557</id>
		<name>CS_DF4_007</name>
		<cutscenename>cs_df4_007.seq</cutscenename>
	</cutscene>
	<cutscene>
		<id>558</id>
		<name>CS_DF4_008</name>
		<cutscenename>cs_df4_008.seq</cutscenename>
	</cutscene>
	<cutscene>
		<id>559</id>
		<name>CS_DF4_009</name>
		<cutscenename>cs_df4_009.seq</cutscenename>
	</cutscene>
	<cutscene>
		<id>560</id>
		<name>CS_DF4_010</name>
		<cutscenename>cs_df4_010.seq</cutscenename>
	</cutscene>
	<cutscene>
		<id>561</id>
		<name>CS_DF4_011</name>
		<cutscenename>cs_df4_011.seq</cutscenename>
	</cutscene>
	<cutscene>
		<id>562</id>
		<name>CS_DF4_012</name>
		<cutscenename>cs_df4_012.seq</cutscenename>
	</cutscene>
	<cutscene>
		<id>563</id>
		<name>CS_DF4_013</name>
		<cutscenename>cs_df4_013.seq</cutscenename>
	</cutscene>
	<cutscene>
		<id>564</id>
		<name>CS_DF4_014</name>
		<cutscenename>cs_df4_014.seq</cutscenename>
	</cutscene>
	<cutscene>
		<id>565</id>
		<name>CS_DF4_015</name>
		<cutscenename>cs_df4_015.seq</cutscenename>
	</cutscene>
	<cutscene>
		<id>566</id>
		<name>CS_DF4_016</name>
		<cutscenename>cs_df4_016.seq</cutscenename>
	</cutscene>
	<cutscene>
		<id>567</id>
		<name>CS_DF4_017</name>
		<cutscenename>cs_df4_017.seq</cutscenename>
	</cutscene>
	<cutscene>
		<id>568</id>
		<name>CS_DF4_018</name>
		<cutscenename>cs_df4_018.seq</cutscenename>
	</cutscene>
	<cutscene>
		<id>569</id>
		<name>CS_DF4_019</name>
		<cutscenename>cs_df4_019.seq</cutscenename>
	</cutscene>
	<cutscene>
		<id>570</id>
		<name>CS_DF4_020</name>
		<cutscenename>cs_df4_020.seq</cutscenename>
	</cutscene>
	<cutscene>
		<id>571</id>
		<name>CS_DF4_021</name>
		<cutscenename>cs_df4_021.seq</cutscenename>
	</cutscene>
	<cutscene>
		<id>572</id>
		<name>CS_DF4_022</name>
		<cutscenename>cs_df4_022.seq</cutscenename>
	</cutscene>
	<cutscene>
		<id>573</id>
		<name>CS_DF4_023</name>
		<cutscenename>cs_df4_023.seq</cutscenename>
	</cutscene>
	<cutscene>
		<id>574</id>
		<name>CS_DF4_024</name>
		<cutscenename>cs_df4_024.seq</cutscenename>
	</cutscene>
	<cutscene>
		<id>575</id>
		<name>CS_DF4_025</name>
		<cutscenename>cs_df4_025.seq</cutscenename>
	</cutscene>
	<cutscene>
		<id>576</id>
		<name>CS_DF4_026</name>
		<cutscenename>cs_df4_026.seq</cutscenename>
	</cutscene>
	<cutscene>
		<id>577</id>
		<name>CS_DF4_027</name>
		<cutscenename>cs_df4_027.seq</cutscenename>
	</cutscene>
	<cutscene>
		<id>578</id>
		<name>CS_DF4_028</name>
		<cutscenename>cs_df4_028.seq</cutscenename>
	</cutscene>
	<cutscene>
		<id>579</id>
		<name>CS_DF4_029</name>
		<cutscenename>cs_df4_029.seq</cutscenename>
	</cutscene>
	<cutscene>
		<id>580</id>
		<name>CS_DF4_030</name>
		<cutscenename>cs_df4_030.seq</cutscenename>
	</cutscene>
	<cutscene>
		<id>581</id>
		<name>CS_DF4_031</name>
		<cutscenename>cs_df4_031.seq</cutscenename>
	</cutscene>
	<cutscene>
		<id>582</id>
		<name>CS_DF4_032</name>
		<cutscenename>cs_df4_032.seq</cutscenename>
	</cutscene>
	<cutscene>
		<id>583</id>
		<name>CS_DF4_033</name>
		<cutscenename>cs_df4_033.seq</cutscenename>
	</cutscene>
	<cutscene>
		<id>584</id>
		<name>CS_DF4_034</name>
		<cutscenename>cs_df4_034.seq</cutscenename>
	</cutscene>
	<cutscene>
		<id>585</id>
		<name>CS_DF4_035</name>
		<cutscenename>cs_df4_035.seq</cutscenename>
	</cutscene>
	<cutscene>
		<id>586</id>
		<name>CS_DF4_036</name>
		<cutscenename>cs_df4_036.seq</cutscenename>
	</cutscene>
	<cutscene>
		<id>587</id>
		<name>CS_DF4_037</name>
		<cutscenename>cs_df4_037.seq</cutscenename>
	</cutscene>
	<cutscene>
		<id>588</id>
		<name>CS_DF4_038</name>
		<cutscenename>cs_df4_038.seq</cutscenename>
	</cutscene>
	<cutscene>
		<id>589</id>
		<name>CS_DF4_039</name>
		<cutscenename>cs_df4_039.seq</cutscenename>
	</cutscene>
	<cutscene>
		<id>590</id>
		<name>CS_DF4_040</name>
		<cutscenename>cs_df4_040.seq</cutscenename>
	</cutscene>
	<cutscene>
		<id>591</id>
		<name>CS_DF4_041</name>
		<cutscenename>cs_df4_041.seq</cutscenename>
	</cutscene>
	<cutscene>
		<id>592</id>
		<name>CS_DF4_042</name>
		<cutscenename>cs_df4_042.seq</cutscenename>
	</cutscene>
	<cutscene>
		<id>593</id>
		<name>CS_DF4_043</name>
		<cutscenename>cs_df4_043.seq</cutscenename>
	</cutscene>
	<cutscene>
		<id>594</id>
		<name>CS_DF4_044</name>
		<cutscenename>cs_df4_044.seq</cutscenename>
	</cutscene>
	<cutscene>
		<id>595</id>
		<name>CS_DF4_045</name>
		<cutscenename>cs_df4_045.seq</cutscenename>
	</cutscene>
	<cutscene>
		<id>596</id>
		<name>CS_DF4_046</name>
		<cutscenename>cs_df4_046.seq</cutscenename>
	</cutscene>
	<cutscene>
		<id>597</id>
		<name>CS_DF4_047</name>
		<cutscenename>cs_df4_047.seq</cutscenename>
	</cutscene>
	<cutscene>
		<id>598</id>
		<name>CS_DF4_048</name>
		<cutscenename>cs_df4_048.seq</cutscenename>
	</cutscene>
	<cutscene>
		<id>599</id>
		<name>CS_DF4_049</name>
		<cutscenename>cs_df4_049.seq</cutscenename>
	</cutscene>
	<cutscene>
		<id>600</id>
		<name>CS_DF4_050</name>
		<cutscenename>cs_df4_050.seq</cutscenename>
	</cutscene>
	<cutscene>
		<id>601</id>
		<name>CS_LC2_001</name>
		<cutscenename>cs_lc2_001.seq</cutscenename>
	</cutscene>
	<cutscene>
		<id>602</id>
		<name>CS_LC2_002</name>
		<cutscenename>cs_lc2_002.seq</cutscenename>
	</cutscene>
	<cutscene>
		<id>603</id>
		<name>CS_LC2_003</name>
		<cutscenename>cs_lc2_003.seq</cutscenename>
	</cutscene>
	<cutscene>
		<id>604</id>
		<name>CS_LC2_004</name>
		<cutscenename>cs_lc2_004.seq</cutscenename>
	</cutscene>
	<cutscene>
		<id>605</id>
		<name>CS_LC2_005</name>
		<cutscenename>cs_lc2_005.seq</cutscenename>
	</cutscene>
	<cutscene>
		<id>606</id>
		<name>CS_LC2_006</name>
		<cutscenename>cs_lc2_006.seq</cutscenename>
	</cutscene>
	<cutscene>
		<id>607</id>
		<name>CS_LC2_007</name>
		<cutscenename>cs_lc2_007.seq</cutscenename>
	</cutscene>
	<cutscene>
		<id>608</id>
		<name>CS_LC2_008</name>
		<cutscenename>cs_lc2_008.seq</cutscenename>
	</cutscene>
	<cutscene>
		<id>609</id>
		<name>CS_LC2_009</name>
		<cutscenename>cs_lc2_009.seq</cutscenename>
	</cutscene>
	<cutscene>
		<id>610</id>
		<name>CS_LC2_010</name>
		<cutscenename>cs_lc2_010.seq</cutscenename>
	</cutscene>
	<cutscene>
		<id>611</id>
		<name>CS_LC2_011</name>
		<cutscenename>cs_lc2_011.seq</cutscenename>
	</cutscene>
	<cutscene>
		<id>612</id>
		<name>CS_LC2_012</name>
		<cutscenename>cs_lc2_012.seq</cutscenename>
	</cutscene>
	<cutscene>
		<id>613</id>
		<name>CS_LC2_013</name>
		<cutscenename>cs_lc2_013.seq</cutscenename>
	</cutscene>
	<cutscene>
		<id>614</id>
		<name>CS_LC2_014</name>
		<cutscenename>cs_lc2_014.seq</cutscenename>
	</cutscene>
	<cutscene>
		<id>615</id>
		<name>CS_LC2_015</name>
		<cutscenename>cs_lc2_015.seq</cutscenename>
	</cutscene>
	<cutscene>
		<id>616</id>
		<name>CS_LC2_016</name>
		<cutscenename>cs_lc2_016.seq</cutscenename>
	</cutscene>
	<cutscene>
		<id>617</id>
		<name>CS_LC2_017</name>
		<cutscenename>cs_lc2_017.seq</cutscenename>
	</cutscene>
	<cutscene>
		<id>618</id>
		<name>CS_LC2_018</name>
		<cutscenename>cs_lc2_018.seq</cutscenename>
	</cutscene>
	<cutscene>
		<id>619</id>
		<name>CS_LC2_019</name>
		<cutscenename>cs_lc2_019.seq</cutscenename>
	</cutscene>
	<cutscene>
		<id>620</id>
		<name>CS_LC2_020</name>
		<cutscenename>cs_lc2_020.seq</cutscenename>
	</cutscene>
	<cutscene>
		<id>621</id>
		<name>CS_LC2_021</name>
		<cutscenename>cs_lc2_021.seq</cutscenename>
	</cutscene>
	<cutscene>
		<id>622</id>
		<name>CS_LC2_022</name>
		<cutscenename>cs_lc2_022.seq</cutscenename>
	</cutscene>
	<cutscene>
		<id>623</id>
		<name>CS_LC2_023</name>
		<cutscenename>cs_lc2_023.seq</cutscenename>
	</cutscene>
	<cutscene>
		<id>624</id>
		<name>CS_LC2_024</name>
		<cutscenename>cs_lc2_024.seq</cutscenename>
	</cutscene>
	<cutscene>
		<id>625</id>
		<name>CS_LC2_025</name>
		<cutscenename>cs_lc2_025.seq</cutscenename>
	</cutscene>
	<cutscene>
		<id>626</id>
		<name>CS_LC2_026</name>
		<cutscenename>cs_lc2_026.seq</cutscenename>
	</cutscene>
	<cutscene>
		<id>627</id>
		<name>CS_LC2_027</name>
		<cutscenename>cs_lc2_027.seq</cutscenename>
	</cutscene>
	<cutscene>
		<id>628</id>
		<name>CS_LC2_028</name>
		<cutscenename>cs_lc2_028.seq</cutscenename>
	</cutscene>
	<cutscene>
		<id>629</id>
		<name>CS_LC2_029</name>
		<cutscenename>cs_lc2_029.seq</cutscenename>
	</cutscene>
	<cutscene>
		<id>630</id>
		<name>CS_LC2_030</name>
		<cutscenename>cs_lc2_030.seq</cutscenename>
	</cutscene>
	<cutscene>
		<id>631</id>
		<name>CS_LC2_031</name>
		<cutscenename>cs_lc2_031.seq</cutscenename>
	</cutscene>
	<cutscene>
		<id>632</id>
		<name>CS_LC2_032</name>
		<cutscenename>cs_lc2_032.seq</cutscenename>
	</cutscene>
	<cutscene>
		<id>633</id>
		<name>CS_LC2_033</name>
		<cutscenename>cs_lc2_033.seq</cutscenename>
	</cutscene>
	<cutscene>
		<id>634</id>
		<name>CS_LC2_034</name>
		<cutscenename>cs_lc2_034.seq</cutscenename>
	</cutscene>
	<cutscene>
		<id>635</id>
		<name>CS_LC2_035</name>
		<cutscenename>cs_lc2_035.seq</cutscenename>
	</cutscene>
	<cutscene>
		<id>636</id>
		<name>CS_LC2_036</name>
		<cutscenename>cs_lc2_036.seq</cutscenename>
	</cutscene>
	<cutscene>
		<id>637</id>
		<name>CS_LC2_037</name>
		<cutscenename>cs_lc2_037.seq</cutscenename>
	</cutscene>
	<cutscene>
		<id>638</id>
		<name>CS_LC2_038</name>
		<cutscenename>cs_lc2_038.seq</cutscenename>
	</cutscene>
	<cutscene>
		<id>639</id>
		<name>CS_LC2_039</name>
		<cutscenename>cs_lc2_039.seq</cutscenename>
	</cutscene>
	<cutscene>
		<id>640</id>
		<name>CS_LC2_040</name>
		<cutscenename>cs_lc2_040.seq</cutscenename>
	</cutscene>
	<cutscene>
		<id>641</id>
		<name>CS_LC2_041</name>
		<cutscenename>cs_lc2_041.seq</cutscenename>
	</cutscene>
	<cutscene>
		<id>642</id>
		<name>CS_LC2_042</name>
		<cutscenename>cs_lc2_042.seq</cutscenename>
	</cutscene>
	<cutscene>
		<id>643</id>
		<name>CS_LC2_043</name>
		<cutscenename>cs_lc2_043.seq</cutscenename>
	</cutscene>
	<cutscene>
		<id>644</id>
		<name>CS_LC2_044</name>
		<cutscenename>cs_lc2_044.seq</cutscenename>
	</cutscene>
	<cutscene>
		<id>645</id>
		<name>CS_LC2_045</name>
		<cutscenename>cs_lc2_045.seq</cutscenename>
	</cutscene>
	<cutscene>
		<id>646</id>
		<name>CS_LC2_046</name>
		<cutscenename>cs_lc2_046.seq</cutscenename>
	</cutscene>
	<cutscene>
		<id>647</id>
		<name>CS_LC2_047</name>
		<cutscenename>cs_lc2_047.seq</cutscenename>
	</cutscene>
	<cutscene>
		<id>648</id>
		<name>CS_LC2_048</name>
		<cutscenename>cs_lc2_048.seq</cutscenename>
	</cutscene>
	<cutscene>
		<id>649</id>
		<name>CS_LC2_049</name>
		<cutscenename>cs_lc2_049.seq</cutscenename>
	</cutscene>
	<cutscene>
		<id>650</id>
		<name>CS_LC2_050</name>
		<cutscenename>cs_lc2_050.seq</cutscenename>
	</cutscene>
	<cutscene>
		<id>651</id>
		<name>CS_DC2_001</name>
		<cutscenename>cs_dc2_001.seq</cutscenename>
	</cutscene>
	<cutscene>
		<id>652</id>
		<name>CS_DC2_002</name>
		<cutscenename>cs_dc2_002.seq</cutscenename>
	</cutscene>
	<cutscene>
		<id>653</id>
		<name>CS_DC2_003</name>
		<cutscenename>cs_dc2_003.seq</cutscenename>
	</cutscene>
	<cutscene>
		<id>654</id>
		<name>CS_DC2_004</name>
		<cutscenename>cs_dc2_004.seq</cutscenename>
	</cutscene>
	<cutscene>
		<id>655</id>
		<name>CS_DC2_005</name>
		<cutscenename>cs_dc2_005.seq</cutscenename>
	</cutscene>
	<cutscene>
		<id>656</id>
		<name>CS_DC2_006</name>
		<cutscenename>cs_dc2_006.seq</cutscenename>
	</cutscene>
	<cutscene>
		<id>657</id>
		<name>CS_DC2_007</name>
		<cutscenename>cs_dc2_007.seq</cutscenename>
	</cutscene>
	<cutscene>
		<id>658</id>
		<name>CS_DC2_008</name>
		<cutscenename>cs_dc2_008.seq</cutscenename>
	</cutscene>
	<cutscene>
		<id>659</id>
		<name>CS_DC2_009</name>
		<cutscenename>cs_dc2_009.seq</cutscenename>
	</cutscene>
	<cutscene>
		<id>660</id>
		<name>CS_DC2_010</name>
		<cutscenename>cs_dc2_010.seq</cutscenename>
	</cutscene>
	<cutscene>
		<id>661</id>
		<name>CS_DC2_011</name>
		<cutscenename>cs_dc2_011.seq</cutscenename>
	</cutscene>
	<cutscene>
		<id>662</id>
		<name>CS_DC2_012</name>
		<cutscenename>cs_dc2_012.seq</cutscenename>
	</cutscene>
	<cutscene>
		<id>663</id>
		<name>CS_DC2_013</name>
		<cutscenename>cs_dc2_013.seq</cutscenename>
	</cutscene>
	<cutscene>
		<id>664</id>
		<name>CS_DC2_014</name>
		<cutscenename>cs_dc2_014.seq</cutscenename>
	</cutscene>
	<cutscene>
		<id>665</id>
		<name>CS_DC2_015</name>
		<cutscenename>cs_dc2_015.seq</cutscenename>
	</cutscene>
	<cutscene>
		<id>666</id>
		<name>CS_DC2_016</name>
		<cutscenename>cs_dc2_016.seq</cutscenename>
	</cutscene>
	<cutscene>
		<id>667</id>
		<name>CS_DC2_017</name>
		<cutscenename>cs_dc2_017.seq</cutscenename>
	</cutscene>
	<cutscene>
		<id>668</id>
		<name>CS_DC2_018</name>
		<cutscenename>cs_dc2_018.seq</cutscenename>
	</cutscene>
	<cutscene>
		<id>669</id>
		<name>CS_DC2_019</name>
		<cutscenename>cs_dc2_019.seq</cutscenename>
	</cutscene>
	<cutscene>
		<id>670</id>
		<name>CS_DC2_020</name>
		<cutscenename>cs_dc2_020.seq</cutscenename>
	</cutscene>
	<cutscene>
		<id>671</id>
		<name>CS_DC2_021</name>
		<cutscenename>cs_dc2_021.seq</cutscenename>
	</cutscene>
	<cutscene>
		<id>672</id>
		<name>CS_DC2_022</name>
		<cutscenename>cs_dc2_022.seq</cutscenename>
	</cutscene>
	<cutscene>
		<id>673</id>
		<name>CS_DC2_023</name>
		<cutscenename>cs_dc2_023.seq</cutscenename>
	</cutscene>
	<cutscene>
		<id>674</id>
		<name>CS_DC2_024</name>
		<cutscenename>cs_dc2_024.seq</cutscenename>
	</cutscene>
	<cutscene>
		<id>675</id>
		<name>CS_DC2_025</name>
		<cutscenename>cs_dc2_025.seq</cutscenename>
	</cutscene>
	<cutscene>
		<id>676</id>
		<name>CS_DC2_026</name>
		<cutscenename>cs_dc2_026.seq</cutscenename>
	</cutscene>
	<cutscene>
		<id>677</id>
		<name>CS_DC2_027</name>
		<cutscenename>cs_dc2_027.seq</cutscenename>
	</cutscene>
	<cutscene>
		<id>678</id>
		<name>CS_DC2_028</name>
		<cutscenename>cs_dc2_028.seq</cutscenename>
	</cutscene>
	<cutscene>
		<id>679</id>
		<name>CS_DC2_029</name>
		<cutscenename>cs_dc2_029.seq</cutscenename>
	</cutscene>
	<cutscene>
		<id>680</id>
		<name>CS_DC2_030</name>
		<cutscenename>cs_dc2_030.seq</cutscenename>
	</cutscene>
	<cutscene>
		<id>681</id>
		<name>CS_DC2_031</name>
		<cutscenename>cs_dc2_031.seq</cutscenename>
	</cutscene>
	<cutscene>
		<id>682</id>
		<name>CS_DC2_032</name>
		<cutscenename>cs_dc2_032.seq</cutscenename>
	</cutscene>
	<cutscene>
		<id>683</id>
		<name>CS_DC2_033</name>
		<cutscenename>cs_dc2_033.seq</cutscenename>
	</cutscene>
	<cutscene>
		<id>684</id>
		<name>CS_DC2_034</name>
		<cutscenename>cs_dc2_034.seq</cutscenename>
	</cutscene>
	<cutscene>
		<id>685</id>
		<name>CS_DC2_035</name>
		<cutscenename>cs_dc2_035.seq</cutscenename>
	</cutscene>
	<cutscene>
		<id>686</id>
		<name>CS_DC2_036</name>
		<cutscenename>cs_dc2_036.seq</cutscenename>
	</cutscene>
	<cutscene>
		<id>687</id>
		<name>CS_DC2_037</name>
		<cutscenename>cs_dc2_037.seq</cutscenename>
	</cutscene>
	<cutscene>
		<id>688</id>
		<name>CS_DC2_038</name>
		<cutscenename>cs_dc2_038.seq</cutscenename>
	</cutscene>
	<cutscene>
		<id>689</id>
		<name>CS_DC2_039</name>
		<cutscenename>cs_dc2_039.seq</cutscenename>
	</cutscene>
	<cutscene>
		<id>690</id>
		<name>CS_DC2_040</name>
		<cutscenename>cs_dc2_040.seq</cutscenename>
	</cutscene>
	<cutscene>
		<id>691</id>
		<name>CS_DC2_041</name>
		<cutscenename>cs_dc2_041.seq</cutscenename>
	</cutscene>
	<cutscene>
		<id>692</id>
		<name>CS_DC2_042</name>
		<cutscenename>cs_dc2_042.seq</cutscenename>
	</cutscene>
	<cutscene>
		<id>693</id>
		<name>CS_DC2_043</name>
		<cutscenename>cs_dc2_043.seq</cutscenename>
	</cutscene>
	<cutscene>
		<id>694</id>
		<name>CS_DC2_044</name>
		<cutscenename>cs_dc2_044.seq</cutscenename>
	</cutscene>
	<cutscene>
		<id>695</id>
		<name>CS_DC2_045</name>
		<cutscenename>cs_dc2_045.seq</cutscenename>
	</cutscene>
	<cutscene>
		<id>696</id>
		<name>CS_DC2_046</name>
		<cutscenename>cs_dc2_046.seq</cutscenename>
	</cutscene>
	<cutscene>
		<id>697</id>
		<name>CS_DC2_047</name>
		<cutscenename>cs_dc2_047.seq</cutscenename>
	</cutscene>
	<cutscene>
		<id>698</id>
		<name>CS_DC2_048</name>
		<cutscenename>cs_dc2_048.seq</cutscenename>
	</cutscene>
	<cutscene>
		<id>699</id>
		<name>CS_DC2_049</name>
		<cutscenename>cs_dc2_049.seq</cutscenename>
	</cutscene>
	<cutscene>
		<id>700</id>
		<name>CS_DC2_050</name>
		<cutscenename>cs_dc2_050.seq</cutscenename>
	</cutscene>
	<cutscene>
		<id>701</id>
		<name>CS_LDF1_001</name>
		<cutscenename>cs_ldf1_001.seq</cutscenename>
	</cutscene>
	<cutscene>
		<id>702</id>
		<name>CS_LDF1_002</name>
		<cutscenename>cs_ldf1_002.seq</cutscenename>
	</cutscene>
	<cutscene>
		<id>703</id>
		<name>CS_LDF1_003</name>
		<cutscenename>cs_ldf1_003.seq</cutscenename>
	</cutscene>
	<cutscene>
		<id>704</id>
		<name>CS_LDF1_004</name>
		<cutscenename>cs_ldf1_004.seq</cutscenename>
	</cutscene>
	<cutscene>
		<id>705</id>
		<name>CS_LDF1_005</name>
		<cutscenename>cs_ldf1_005.seq</cutscenename>
	</cutscene>
	<cutscene>
		<id>706</id>
		<name>CS_LDF1_006</name>
		<cutscenename>cs_ldf1_006.seq</cutscenename>
	</cutscene>
	<cutscene>
		<id>707</id>
		<name>CS_LDF1_007</name>
		<cutscenename>cs_ldf1_007.seq</cutscenename>
	</cutscene>
	<cutscene>
		<id>708</id>
		<name>CS_LDF1_008</name>
		<cutscenename>cs_ldf1_008.seq</cutscenename>
	</cutscene>
	<cutscene>
		<id>709</id>
		<name>CS_LDF1_009</name>
		<cutscenename>cs_ldf1_009.seq</cutscenename>
	</cutscene>
	<cutscene>
		<id>710</id>
		<name>CS_LDF1_010</name>
		<cutscenename>cs_ldf1_010.seq</cutscenename>
	</cutscene>
	<cutscene>
		<id>711</id>
		<name>CS_LDF1_011</name>
		<cutscenename>cs_ldf1_011.seq</cutscenename>
	</cutscene>
	<cutscene>
		<id>712</id>
		<name>CS_LDF1_012</name>
		<cutscenename>cs_ldf1_012.seq</cutscenename>
	</cutscene>
	<cutscene>
		<id>713</id>
		<name>CS_LDF1_013</name>
		<cutscenename>cs_ldf1_013.seq</cutscenename>
	</cutscene>
	<cutscene>
		<id>714</id>
		<name>CS_LDF1_014</name>
		<cutscenename>cs_ldf1_014.seq</cutscenename>
	</cutscene>
	<cutscene>
		<id>715</id>
		<name>CS_LDF1_015</name>
		<cutscenename>cs_ldf1_015.seq</cutscenename>
	</cutscene>
	<cutscene>
		<id>716</id>
		<name>CS_LDF1_016</name>
		<cutscenename>cs_ldf1_016.seq</cutscenename>
	</cutscene>
	<cutscene>
		<id>717</id>
		<name>CS_LDF1_017</name>
		<cutscenename>cs_ldf1_017.seq</cutscenename>
	</cutscene>
	<cutscene>
		<id>718</id>
		<name>CS_LDF1_018</name>
		<cutscenename>cs_ldf1_018.seq</cutscenename>
	</cutscene>
	<cutscene>
		<id>719</id>
		<name>CS_LDF1_019</name>
		<cutscenename>cs_ldf1_019.seq</cutscenename>
	</cutscene>
	<cutscene>
		<id>720</id>
		<name>CS_LDF1_020</name>
		<cutscenename>cs_ldf1_020.seq</cutscenename>
	</cutscene>
	<cutscene>
		<id>721</id>
		<name>CS_LDF1_021</name>
		<cutscenename>cs_ldf1_021.seq</cutscenename>
	</cutscene>
	<cutscene>
		<id>722</id>
		<name>CS_LDF1_022</name>
		<cutscenename>cs_ldf1_022.seq</cutscenename>
	</cutscene>
	<cutscene>
		<id>723</id>
		<name>CS_LDF1_023</name>
		<cutscenename>cs_ldf1_023.seq</cutscenename>
	</cutscene>
	<cutscene>
		<id>724</id>
		<name>CS_LDF1_024</name>
		<cutscenename>cs_ldf1_024.seq</cutscenename>
	</cutscene>
	<cutscene>
		<id>725</id>
		<name>CS_LDF1_025</name>
		<cutscenename>cs_ldf1_025.seq</cutscenename>
	</cutscene>
	<cutscene>
		<id>726</id>
		<name>CS_LDF1_026</name>
		<cutscenename>cs_ldf1_026.seq</cutscenename>
	</cutscene>
	<cutscene>
		<id>727</id>
		<name>CS_LDF1_027</name>
		<cutscenename>cs_ldf1_027.seq</cutscenename>
	</cutscene>
	<cutscene>
		<id>728</id>
		<name>CS_LDF1_028</name>
		<cutscenename>cs_ldf1_028.seq</cutscenename>
	</cutscene>
	<cutscene>
		<id>729</id>
		<name>CS_LDF1_029</name>
		<cutscenename>cs_ldf1_029.seq</cutscenename>
	</cutscene>
	<cutscene>
		<id>730</id>
		<name>CS_LDF1_030</name>
		<cutscenename>cs_ldf1_030.seq</cutscenename>
	</cutscene>
	<cutscene>
		<id>731</id>
		<name>CS_LDF1_031</name>
		<cutscenename>cs_ldf1_031.seq</cutscenename>
	</cutscene>
	<cutscene>
		<id>732</id>
		<name>CS_LDF1_032</name>
		<cutscenename>cs_ldf1_032.seq</cutscenename>
	</cutscene>
	<cutscene>
		<id>733</id>
		<name>CS_LDF1_033</name>
		<cutscenename>cs_ldf1_033.seq</cutscenename>
	</cutscene>
	<cutscene>
		<id>734</id>
		<name>CS_LDF1_034</name>
		<cutscenename>cs_ldf1_034.seq</cutscenename>
	</cutscene>
	<cutscene>
		<id>735</id>
		<name>CS_LDF1_035</name>
		<cutscenename>cs_ldf1_035.seq</cutscenename>
	</cutscene>
	<cutscene>
		<id>736</id>
		<name>CS_LDF1_036</name>
		<cutscenename>cs_ldf1_036.seq</cutscenename>
	</cutscene>
	<cutscene>
		<id>737</id>
		<name>CS_LDF1_037</name>
		<cutscenename>cs_ldf1_037.seq</cutscenename>
	</cutscene>
	<cutscene>
		<id>738</id>
		<name>CS_LDF1_038</name>
		<cutscenename>cs_ldf1_038.seq</cutscenename>
	</cutscene>
	<cutscene>
		<id>739</id>
		<name>CS_LDF1_039</name>
		<cutscenename>cs_ldf1_039.seq</cutscenename>
	</cutscene>
	<cutscene>
		<id>740</id>
		<name>CS_LDF1_040</name>
		<cutscenename>cs_ldf1_040.seq</cutscenename>
	</cutscene>
	<cutscene>
		<id>741</id>
		<name>CS_LDF1_041</name>
		<cutscenename>cs_ldf1_041.seq</cutscenename>
	</cutscene>
	<cutscene>
		<id>742</id>
		<name>CS_LDF1_042</name>
		<cutscenename>cs_ldf1_042.seq</cutscenename>
	</cutscene>
	<cutscene>
		<id>743</id>
		<name>CS_LDF1_043</name>
		<cutscenename>cs_ldf1_043.seq</cutscenename>
	</cutscene>
	<cutscene>
		<id>744</id>
		<name>CS_LDF1_044</name>
		<cutscenename>cs_ldf1_044.seq</cutscenename>
	</cutscene>
	<cutscene>
		<id>745</id>
		<name>CS_LDF1_045</name>
		<cutscenename>cs_ldf1_045.seq</cutscenename>
	</cutscene>
	<cutscene>
		<id>746</id>
		<name>CS_LDF1_046</name>
		<cutscenename>cs_ldf1_046.seq</cutscenename>
	</cutscene>
	<cutscene>
		<id>747</id>
		<name>CS_LDF1_047</name>
		<cutscenename>cs_ldf1_047.seq</cutscenename>
	</cutscene>
	<cutscene>
		<id>748</id>
		<name>CS_LDF1_048</name>
		<cutscenename>cs_ldf1_048.seq</cutscenename>
	</cutscene>
	<cutscene>
		<id>749</id>
		<name>CS_LDF1_049</name>
		<cutscenename>cs_ldf1_049.seq</cutscenename>
	</cutscene>
	<cutscene>
		<id>750</id>
		<name>CS_LDF1_050</name>
		<cutscenename>cs_ldf1_050.seq</cutscenename>
	</cutscene>
	<cutscene>
		<id>751</id>
		<name>CS_LOGIN_001</name>
		<cutscenename>cs_login_001.seq</cutscenename>
	</cutscene>
	<cutscene>
		<id>752</id>
		<name>CS_LOGIN_002</name>
		<cutscenename>cs_login_002.seq</cutscenename>
	</cutscene>
	<cutscene>
		<id>753</id>
		<name>CS_LOGIN_CREATE_CLASS_LIGHT_ALL</name>
		<cutscenename>Login_Lightclass_all.seq</cutscenename>
	</cutscene>
	<cutscene>
		<id>754</id>
		<name>CS_LOGIN_CREATE_CLASS_LIGHT_001</name>
		<cutscenename>Login_Lightclass_warriorM.seq</cutscenename>
	</cutscene>
	<cutscene>
		<id>755</id>
		<name>CS_LOGIN_CREATE_CLASS_LIGHT_002</name>
		<cutscenename>Login_Lightclass_warriorF.seq</cutscenename>
	</cutscene>
	<cutscene>
		<id>756</id>
		<name>CS_LOGIN_CREATE_CLASS_LIGHT_003</name>
		<cutscenename>Login_Lightclass_scoutM.seq</cutscenename>
	</cutscene>
	<cutscene>
		<id>757</id>
		<name>CS_LOGIN_CREATE_CLASS_LIGHT_004</name>
		<cutscenename>Login_Lightclass_scoutF.seq</cutscenename>
	</cutscene>
	<cutscene>
		<id>758</id>
		<name>CS_LOGIN_CREATE_CLASS_LIGHT_005</name>
		<cutscenename>Login_Lightclass_MageM.seq</cutscenename>
	</cutscene>
	<cutscene>
		<id>759</id>
		<name>CS_LOGIN_CREATE_CLASS_LIGHT_006</name>
		<cutscenename>Login_Lightclass_MageF.seq</cutscenename>
	</cutscene>
	<cutscene>
		<id>760</id>
		<name>CS_LOGIN_CREATE_CLASS_LIGHT_007</name>
		<cutscenename>Login_Lightclass_ClericM.seq</cutscenename>
	</cutscene>
	<cutscene>
		<id>761</id>
		<name>CS_LOGIN_CREATE_CLASS_LIGHT_008</name>
		<cutscenename>Login_Lightclass_ClericF.seq</cutscenename>
	</cutscene>
	<cutscene>
		<id>762</id>
		<name>CS_LOGIN_CREATE_CLASS_LIGHT_009</name>
		<cutscenename>Login_Lightclass_MonkM.seq</cutscenename>
	</cutscene>
	<cutscene>
		<id>763</id>
		<name>CS_LOGIN_CREATE_CLASS_LIGHT_010</name>
		<cutscenename>Login_Lightclass_MonkF.seq</cutscenename>
	</cutscene>
	<cutscene>
		<id>764</id>
		<name>CS_LOGIN_CREATE_CLASS_LIGHT_011</name>
		<cutscenename>Login_Lightclass_StrikerM.seq</cutscenename>
	</cutscene>
	<cutscene>
		<id>765</id>
		<name>CS_LOGIN_CREATE_CLASS_LIGHT_012</name>
		<cutscenename>Login_Lightclass_StrikerF.seq</cutscenename>
	</cutscene>
	<cutscene>
		<id>766</id>
		<name>CS_LOGIN_CREATE_CLASS_DARK_ALL</name>
		<cutscenename>Login_Darkclass_all.seq</cutscenename>
	</cutscene>
	<cutscene>
		<id>767</id>
		<name>CS_LOGIN_CREATE_CLASS_DARK_001</name>
		<cutscenename>Login_Darkclass_warriorM.seq</cutscenename>
	</cutscene>
	<cutscene>
		<id>768</id>
		<name>CS_LOGIN_CREATE_CLASS_DARK_002</name>
		<cutscenename>Login_Darkclass_warriorF.seq</cutscenename>
	</cutscene>
	<cutscene>
		<id>769</id>
		<name>CS_LOGIN_CREATE_CLASS_DARK_003</name>
		<cutscenename>Login_Darkclass_scoutM.seq</cutscenename>
	</cutscene>
	<cutscene>
		<id>770</id>
		<name>CS_LOGIN_CREATE_CLASS_DARK_004</name>
		<cutscenename>Login_Darkclass_scoutF.seq</cutscenename>
	</cutscene>
	<cutscene>
		<id>771</id>
		<name>CS_LOGIN_CREATE_CLASS_DARK_005</name>
		<cutscenename>Login_Darkclass_MageM.seq</cutscenename>
	</cutscene>
	<cutscene>
		<id>772</id>
		<name>CS_LOGIN_CREATE_CLASS_DARK_006</name>
		<cutscenename>Login_Darkclass_MageF.seq</cutscenename>
	</cutscene>
	<cutscene>
		<id>773</id>
		<name>CS_LOGIN_CREATE_CLASS_DARK_007</name>
		<cutscenename>Login_Darkclass_ClericM.seq</cutscenename>
	</cutscene>
	<cutscene>
		<id>774</id>
		<name>CS_LOGIN_CREATE_CLASS_DARK_008</name>
		<cutscenename>Login_Darkclass_ClericF.seq</cutscenename>
	</cutscene>
	<cutscene>
		<id>775</id>
		<name>CS_LOGIN_CREATE_CLASS_DARK_009</name>
		<cutscenename>Login_Darkclass_MonkM.seq</cutscenename>
	</cutscene>
	<cutscene>
		<id>776</id>
		<name>CS_LOGIN_CREATE_CLASS_DARK_010</name>
		<cutscenename>Login_Darkclass_MonkF.seq</cutscenename>
	</cutscene>
	<cutscene>
		<id>777</id>
		<name>CS_LOGIN_CREATE_CLASS_DARK_011</name>
		<cutscenename>Login_Darkclass_StrikerM.seq</cutscenename>
	</cutscene>
	<cutscene>
		<id>778</id>
		<name>CS_LOGIN_CREATE_CLASS_DARK_012</name>
		<cutscenename>Login_Darkclass_StrikerF.seq</cutscenename>
	</cutscene>
	<cutscene>
		<id>779</id>
		<name>CS_LDF10_001</name>
		<cutscenename>cs_LDF10_001.seq</cutscenename>
	</cutscene>
	<cutscene>
		<id>780</id>
		<name>CS_LDF10_002</name>
		<cutscenename>cs_LDF10_002.seq</cutscenename>
	</cutscene>
</cutscenes>
