<?xml version="1.0" encoding="UTF-8" ?>
<cutscenemovies>
	<cutscenemovie>
		<id>4294967295</id>
		<name>MOVIE_NULL</name>
	</cutscenemovie>
	<cutscenemovie>
		<id>1</id>
		<name>PROLOGUE_LIGHT</name>
		<moviename>mv_prologue_li.bik</moviename>
	</cutscenemovie>
	<cutscenemovie>
		<id>2</id>
		<name>PROLOGUE_DARK</name>
		<moviename>mv_prologue_da.bik</moviename>
	</cutscenemovie>
	<cutscenemovie>
		<id>3</id>
		<name>MOVIE_2D_001</name>
		<moviename>mv_2D_origin_all.bik</moviename>
	</cutscenemovie>
	<cutscenemovie>
		<id>4</id>
		<name>MOVIE_2D_002</name>
		<moviename>mv_2D_origin_light.bik</moviename>
	</cutscenemovie>
	<cutscenemovie>
		<id>5</id>
		<name>MOVIE_2D_003</name>
		<moviename>mv_2D_origin_dark.bik</moviename>
	</cutscenemovie>
	<cutscenemovie>
		<id>6</id>
		<name>MOVIE_2D_004</name>
		<moviename>mv_2D_aion_tower.bik</moviename>
	</cutscenemovie>
	<cutscenemovie>
		<id>7</id>
		<name>MOVIE_2D_005</name>
		<moviename>mv_2D_stigma.bik</moviename>
	</cutscenemovie>
	<cutscenemovie>
		<id>8</id>
		<name>MOVIE_2D_006</name>
		<moviename>mv_2D_lehpar.bik</moviename>
	</cutscenemovie>
	<cutscenemovie>
		<id>9</id>
		<name>MOVIE_2D_007</name>
		<moviename>mv_2D_abyss.bik</moviename>
	</cutscenemovie>
	<cutscenemovie>
		<id>10</id>
		<name>MOVIE_2D_008</name>
		<moviename>mv_2D_shawdow_elders.bik</moviename>
	</cutscenemovie>
	<cutscenemovie>
		<id>11</id>
		<name>MOVIE_2D_009</name>
		<moviename>mv_2D_krall.bik</moviename>
	</cutscenemovie>
	<cutscenemovie>
		<id>12</id>
		<name>MOVIE_2D_010</name>
		<moviename>mv_2D_lycan.bik</moviename>
	</cutscenemovie>
	<cutscenemovie>
		<id>13</id>
		<name>MOVIE_2D_011</name>
		<moviename>mv_2D_Q1094.bik</moviename>
	</cutscenemovie>
	<cutscenemovie>
		<id>14</id>
		<name>MOVIE_2D_012</name>
		<moviename>mv_lf4_tutorial_1.bik</moviename>
	</cutscenemovie>
	<cutscenemovie>
		<id>15</id>
		<name>MOVIE_2D_013</name>
		<moviename>mv_lf4_tutorial_2.bik</moviename>
	</cutscenemovie>
	<cutscenemovie>
		<id>16</id>
		<name>MOVIE_2D_014</name>
		<moviename>mv_df4_tutorial_1.bik</moviename>
	</cutscenemovie>
	<cutscenemovie>
		<id>17</id>
		<name>MOVIE_2D_015</name>
		<moviename>mv_df4_tutorial_2.bik</moviename>
	</cutscenemovie>
	<cutscenemovie>
		<id>18</id>
		<name>MOVIE_Classic_001</name>
		<moviename>mv_classic_origin_begin.bik</moviename>
	</cutscenemovie>
	<cutscenemovie>
		<id>19</id>
		<name>MOVIE_Classic_002</name>
		<moviename>mv_classic_rudra_begin.bik</moviename>
	</cutscenemovie>
	<cutscenemovie>
		<id>20</id>
		<name>MOVIE_Classic_003</name>
		<moviename>mv_classic_rudra_again.bik</moviename>
	</cutscenemovie>
</cutscenemovies>
